ARCH-205-901,6,9,2,0,1,18,3.055,0.1,0.2,0.3,0.4,0.5,18.1,CLAYTON M,2021
,33.33%,50.00%,11.11%,0.00%,5.56%,,,,,,,,,,2021
ARCH-205-903,17,0,0,0,0,17.0,4.0,0.0,0.0,0.0,0.0,0.0,17.0,ESQUIVEL J,2021
,100.00%,0.00%,0.00%,0.00%,0.00%,,,,,,,,,,2021
ARCH-205-904,5,4,2,0,0,11.0,3.272,0.0,0.0,0.0,4.0,0.0,15.0,CATAO CARTAXO,2021
,45.45%,36.36%,18.18%,0.00%,0.00%,,,,,,,,,,2021
ARCH-205-905,16,0,0,0,1,17.0,3.764,0.0,0.0,0.0,1.0,0.0,18.0,FARAHBAKHSH M,2021
,94.12%,0.00%,0.00%,0.00%,5.88%,,,,,,,,,,2021
ARCH-205-906,9,2,2,0,0,13.0,3.538,2.0,0.0,0.0,1.0,0.0,16.0,AITANI K,2021
,69.23%,15.38%,15.38%,0.00%,0.00%,,,,,,,,,,2021
ARCH-205-907,15,0,0,0,0,15.0,4.0,0.0,0.0,0.0,3.0,0.0,18.0,LUTZ S,2021
,100.00%,0.00%,0.00%,0.00%,0.00%,,,,,,,,,,2021
COURSE TOTAL:,68,15,6,0,2,91.0,3.615,2.0,0.0,0.0,9.0,0.0,102.0,,2021
,74.73%,16.48%,6.59%,0.00%,2.20%,,,,,,,,,,2021
ARCH-212-500,39,74,22,8,1,144.0,2.986,0.0,0.0,0.0,6.0,0.0,150.0,ZHU X,2021
,27.08%,51.39%,15.28%,5.56%,0.69%,,,,,,,,,,2021
ARCH-212-700,25,19,4,1,1,50.0,3.32,0.0,0.0,0.0,0.0,0.0,50.0,LU Z,2021
,50.00%,38.00%,8.00%,2.00%,2.00%,,,,,,,,,,2021
COURSE TOTAL:,64,93,26,9,2,194.0,3.072,0.0,0.0,0.0,6.0,0.0,200.0,,2021
,32.99%,47.94%,13.40%,4.64%,1.03%,,,,,,,,,,2021
ARCH-216-500,20,2,0,0,1,23.0,3.739,1.0,0.0,0.0,0.0,0.0,24.0,TUZUN CANADINC S,2021
,86.96%,8.70%,0.00%,0.00%,4.35%,,,,,,,,,,2021
ARCH-216-501,23,0,0,1,0,24.0,3.875,0.0,0.0,0.0,1.0,0.0,25.0,TUZUN CANADINC S,2021
,95.83%,0.00%,0.00%,4.17%,0.00%,,,,,,,,,,2021
COURSE TOTAL:,43,2,0,1,1,47.0,3.808,1.0,0.0,0.0,1.0,0.0,49.0,,2021
,91.49%,4.26%,0.00%,2.13%,2.13%,,,,,,,,,,2021
ARCH-221-500,2,2,0,1,1,6.0,2.5,1.0,0.0,0.0,0.0,0.0,7.0,KLEIN N,2021
,33.33%,33.33%,0.00%,16.67%,16.67%,,,,,,,,,,2021
COURSE TOTAL:,2,2,0,1,1,6.0,2.5,1.0,0.0,0.0,0.0,0.0,7.0,,2021
,33.33%,33.33%,0.00%,16.67%,16.67%,,,,,,,,,,2021
ARCH-246-500,21,3,0,0,0,24.0,3.875,0.0,0.0,0.0,0.0,0.0,24.0,BILLINGSLEY A,2021
,87.50%,12.50%,0.00%,0.00%,0.00%,,,,,,,,,,2021
COURSE TOTAL:,21,3,0,0,0,24.0,3.875,0.0,0.0,0.0,0.0,0.0,24.0,,2021
,87.50%,12.50%,0.00%,0.00%,0.00%,,,,,,,,,,2021
ARCH-249-200,7,2,2,0,0,11.0,3.454,0.0,0.0,0.0,1.0,0.0,12.0,GLOWACKI K,2021
,63.64%,18.18%,18.18%,0.00%,0.00%,,,,,,,,,,2021
ARCH-249-501,16,12,5,0,0,33.0,3.333,0.0,0.0,0.0,1.0,0.0,34.0,GLOWACKI K,2021
,48.48%,36.36%,15.15%,0.00%,0.00%,,,,,,,,,,2021
ARCH-249-502,75,76,17,6,1,175.0,3.245,0.0,0.0,0.0,4.0,0.0,179.0,GLOWACKI K,2021
,42.86%,43.43%,9.71%,3.43%,0.57%,,,,,,,,,,2021
ARCH-249-700,122,61,21,6,0,210.0,3.423,0.0,0.0,0.0,11.0,0.0,221.0,CAFFEY S,2021
,58.10%,29.05%,10.00%,2.86%,0.00%,,,,,,,,,,2021
COURSE TOTAL:,220,151,45,12,1,429.0,3.344,0.0,0.0,0.0,17.0,0.0,446.0,,2021
,51.28%,35.20%,10.49%,2.80%,0.23%,,,,,,,,,,2021
ARCH-250-200,3,2,0,0,0,5.0,3.6,0.0,0.0,0.0,0.0,0.0,5.0,KLEIN N,2021
,60.00%,40.00%,0.00%,0.00%,0.00%,,,,,,,,,,2021
ARCH-250-501,25,9,3,1,1,39.0,3.435,0.0,0.0,0.0,0.0,0.0,39.0,KLEIN N,2021
,64.10%,23.08%,7.69%,2.56%,2.56%,,,,,,,,,,2021
ARCH-250-502,100,61,10,3,4,178.0,3.404,0.0,0.0,0.0,1.0,0.0,179.0,KLEIN N,2021
,56.18%,34.27%,5.62%,1.69%,2.25%,,,,,,,,,,2021
ARCH-250-700,53,33,8,1,0,95.0,3.452,0.0,0.0,0.0,2.0,0.0,97.0,CAMPAGNOL G,2021
,55.79%,34.74%,8.42%,1.05%,0.00%,,,,,,,,,,2021
ARCH-250-701,55,32,5,5,1,98.0,3.377,0.0,0.0,0.0,0.0,0.0,98.0,CAMPAGNOL G,2021
,56.12%,32.65%,5.10%,5.10%,1.02%,,,,,,,,,,2021
COURSE TOTAL:,236,137,26,10,6,415.0,3.414,0.0,0.0,0.0,3.0,0.0,418.0,,2021
,56.87%,33.01%,6.27%,2.41%,1.45%,,,,,,,,,,2021
ARCH-260-500,6,1,0,0,0,7.0,3.857,2.0,0.0,0.0,1.0,0.0,10.0,LOPEZ DINARDI M,2021
,85.71%,14.29%,0.00%,0.00%,0.00%,,,,,,,,,,2021
COURSE TOTAL:,6,1,0,0,0,7.0,3.857,2.0,0.0,0.0,1.0,0.0,10.0,,2021
,85.71%,14.29%,0.00%,0.00%,0.00%,,,,,,,,,,2021
ARCH-305-900,4,7,2,1,0,14.0,3.0,0.0,0.0,0.0,0.0,0.0,14.0,TRIPP A,2021
,28.57%,50.00%,14.29%,7.14%,0.00%,,,,,,,,,,2021
ARCH-305-931,11,3,0,0,0,14.0,3.785,1.0,0.0,0.0,0.0,0.0,15.0,LOPEZ DINARDI M,2021
,78.57%,21.43%,0.00%,0.00%,0.00%,,,,,,,,,,2021
ARCH-305-932,15,0,0,0,0,15.0,4.0,0.0,0.0,0.0,0.0,0.0,15.0,FARAHBAKHSH M,2021
,100.00%,0.00%,0.00%,0.00%,0.00%,,,,,,,,,,2021
ARCH-305-933,14,0,0,0,0,14.0,4.0,0.0,0.0,0.0,0.0,0.0,14.0,CALVESBERT T,2021
,100.00%,0.00%,0.00%,0.00%,0.00%,,,,,,,,,,2021
ARCH-305-934,12,2,0,0,0,14.0,3.857,0.0,0.0,0.0,1.0,0.0,15.0,HAMILTON D,2021
,85.71%,14.29%,0.00%,0.00%,0.00%,,,,,,,,,,2021
COURSE TOTAL:,56,12,2,1,0,71.0,3.732,1.0,0.0,0.0,1.0,0.0,73.0,,2021
,78.87%,16.90%,2.82%,1.41%,0.00%,,,,,,,,,,2021
ARCH-317-501,8,0,0,0,0,8.0,4.0,0.0,0.0,0.0,1.0,0.0,9.0,ESQUIVEL J,2021
,100.00%,0.00%,0.00%,0.00%,0.00%,,,,,,,,,,2021
COURSE TOTAL:,8,0,0,0,0,8.0,4.0,0.0,0.0,0.0,1.0,0.0,9.0,,2021
,100.00%,0.00%,0.00%,0.00%,0.00%,,,,,,,,,,2021
ARCH-330-200,6,1,1,0,0,8.0,3.625,0.0,0.0,0.0,0.0,0.0,8.0,OBRIEN M,2021
,75.00%,12.50%,12.50%,0.00%,0.00%,,,,,,,,,,2021
ARCH-330-500,48,28,9,1,0,86.0,3.43,0.0,0.0,0.0,2.0,0.0,88.0,OBRIEN M,2021
,55.81%,32.56%,10.47%,1.16%,0.00%,,,,,,,,,,2021
COURSE TOTAL:,54,29,10,1,0,94.0,3.446,0.0,0.0,0.0,2.0,0.0,96.0,,2021
,57.45%,30.85%,10.64%,1.06%,0.00%,,,,,,,,,,2021
ARCH-331-500,22,30,7,0,1,60.0,3.2,1.0,0.0,0.0,2.0,0.0,63.0,HOLLIDAY S,2021
,36.67%,50.00%,11.67%,0.00%,1.67%,,,,,,,,,,2021
COURSE TOTAL:,22,30,7,0,1,60.0,3.2,1.0,0.0,0.0,2.0,0.0,63.0,,2021
,36.67%,50.00%,11.67%,0.00%,1.67%,,,,,,,,,,2021
ARCH-335-500,10,15,6,1,0,32.0,3.062,1.0,0.0,0.0,1.0,0.0,34.0,HABERL J,2021
,31.25%,46.88%,18.75%,3.13%,0.00%,,,,,,,,,,2021
ARCH-335-501,10,13,5,3,0,31.0,2.967,0.0,0.0,0.0,2.0,0.0,33.0,HABERL J,2021
,32.26%,41.94%,16.13%,9.68%,0.00%,,,,,,,,,,2021
COURSE TOTAL:,20,28,11,4,0,63.0,3.015,1.0,0.0,0.0,3.0,0.0,67.0,,2021
,31.75%,44.44%,17.46%,6.35%,0.00%,,,,,,,,,,2021
ARCH-350-500,32,20,10,2,1,65.0,3.23,0.0,0.0,0.0,1.0,0.0,66.0,CAMPAGNOL G,2021
,49.23%,30.77%,15.38%,3.08%,1.54%,,,,,,,,,,2021
ARCH-350-700,39,15,6,0,2,62.0,3.435,0.0,0.0,0.0,4.0,0.0,66.0,BIEBER S,2021
,62.90%,24.19%,9.68%,0.00%,3.23%,,,,,,,,,,2021
COURSE TOTAL:,71,35,16,2,3,127.0,3.33,0.0,0.0,0.0,5.0,0.0,132.0,,2021
,55.91%,27.56%,12.60%,1.57%,2.36%,,,,,,,,,,2021
ARCH-353-500,20,0,0,0,0,20.0,4.0,0.0,0.0,0.0,0.0,0.0,20.0,ESQUIVEL J,2021
,100.00%,0.00%,0.00%,0.00%,0.00%,,,,,,,,,,2021
COURSE TOTAL:,20,0,0,0,0,20.0,4.0,0.0,0.0,0.0,0.0,0.0,20.0,,2021
,100.00%,0.00%,0.00%,0.00%,0.00%,,,,,,,,,,2021
ARCH-381-500,26,0,0,0,0,26.0,4.0,0.0,0.0,0.0,0.0,0.0,26.0,HALIBURTON J,2021
,100.00%,0.00%,0.00%,0.00%,0.00%,,,,,,,,,,2021
COURSE TOTAL:,26,0,0,0,0,26.0,4.0,0.0,0.0,0.0,0.0,0.0,26.0,,2021
,100.00%,0.00%,0.00%,0.00%,0.00%,,,,,,,,,,2021
ARCH-405-501,15,4,0,0,0,19.0,3.789,0.0,0.0,0.0,0.0,0.0,19.0,LUTZ S,2021
,78.95%,21.05%,0.00%,0.00%,0.00%,,,,,,,,,,2021
ARCH-405-503,4,13,4,0,0,21.0,3.0,0.0,0.0,0.0,0.0,0.0,21.0,HAWKINS A,2021
,19.05%,61.90%,19.05%,0.00%,0.00%,,,,,,,,,,2021
ARCH-405-504,8,9,3,0,0,20.0,3.25,0.0,0.0,0.0,0.0,0.0,20.0,OBRIEN M,2021
,40.00%,45.00%,15.00%,0.00%,0.00%,,,,,,,,,,2021
ARCH-405-505,5,15,1,0,0,21.0,3.19,0.0,0.0,0.0,0.0,0.0,21.0,ERMINY M,2021
,23.81%,71.43%,4.76%,0.00%,0.00%,,,,,,,,,,2021
COURSE TOTAL:,32,41,8,0,0,81.0,3.296,0.0,0.0,0.0,0.0,0.0,81.0,,2021
,39.51%,50.62%,9.88%,0.00%,0.00%,,,,,,,,,,2021
ARCH-413-500,12,0,0,0,0,12.0,4.0,0.0,0.0,0.0,0.0,0.0,12.0,TATE J,2021
,100.00%,0.00%,0.00%,0.00%,0.00%,,,,,,,,,,2021
COURSE TOTAL:,12,0,0,0,0,12.0,4.0,0.0,0.0,0.0,0.0,0.0,12.0,,2021
,100.00%,0.00%,0.00%,0.00%,0.00%,,,,,,,,,,2021
ARCH-421-500,8,4,2,0,0,14.0,3.428,0.0,0.0,0.0,1.0,0.0,15.0,CULP C,2021
,57.14%,28.57%,14.29%,0.00%,0.00%,,,,,,,,,,2021
COURSE TOTAL:,8,4,2,0,0,14.0,3.428,0.0,0.0,0.0,1.0,0.0,15.0,,2021
,57.14%,28.57%,14.29%,0.00%,0.00%,,,,,,,,,,2021
ARCH-430-500,17,11,2,0,0,30.0,3.5,0.0,0.0,0.0,0.0,0.0,30.0,GLOWACKI K,2021
,56.67%,36.67%,6.67%,0.00%,0.00%,,,,,,,,,,2021
COURSE TOTAL:,17,11,2,0,0,30.0,3.5,0.0,0.0,0.0,0.0,0.0,30.0,,2021
,56.67%,36.67%,6.67%,0.00%,0.00%,,,,,,,,,,2021
ARCH-431-501,2,9,8,0,0,19.0,2.684,0.0,0.0,0.0,0.0,0.0,19.0,NICHOLS A,2021
,10.53%,47.37%,42.11%,0.00%,0.00%,,,,,,,,,,2021
ARCH-431-503,3,6,10,0,0,19.0,2.631,2.0,0.0,0.0,0.0,0.0,21.0,NICHOLS A,2021
,15.79%,31.58%,52.63%,0.00%,0.00%,,,,,,,,,,2021
ARCH-431-504,5,6,9,0,0,20.0,2.8,0.0,0.0,0.0,0.0,0.0,20.0,NICHOLS A,2021
,25.00%,30.00%,45.00%,0.00%,0.00%,,,,,,,,,,2021
ARCH-431-505,2,5,12,2,0,21.0,2.333,0.0,0.0,0.0,0.0,0.0,21.0,NICHOLS A,2021
,9.52%,23.81%,57.14%,9.52%,0.00%,,,,,,,,,,2021
COURSE TOTAL:,12,26,39,2,0,79.0,2.607,2.0,0.0,0.0,0.0,0.0,81.0,,2021
,15.19%,32.91%,49.37%,2.53%,0.00%,,,,,,,,,,2021
ARCH-435-500,20,0,0,0,0,20.0,4.0,0.0,0.0,0.0,0.0,0.0,20.0,CULP C,2021
,100.00%,0.00%,0.00%,0.00%,0.00%,,,,,,,,,,2021
ARCH-435-501,14,8,0,0,0,22.0,3.636,0.0,0.0,0.0,0.0,0.0,22.0,BALTAZAR J,2021
,63.64%,36.36%,0.00%,0.00%,0.00%,,,,,,,,,,2021
ARCH-435-502,12,4,2,0,0,18.0,3.555,0.0,0.0,0.0,0.0,0.0,18.0,HABERL J,2021
,66.67%,22.22%,11.11%,0.00%,0.00%,,,,,,,,,,2021
ARCH-435-503,15,6,0,0,0,21.0,3.714,0.0,0.0,0.0,0.0,0.0,21.0,BELTRAN L,2021
,71.43%,28.57%,0.00%,0.00%,0.00%,,,,,,,,,,2021
COURSE TOTAL:,61,18,2,0,0,81.0,3.728,0.0,0.0,0.0,0.0,0.0,81.0,,2021
,75.31%,22.22%,2.47%,0.00%,0.00%,,,,,,,,,,2021
ARCH-441-500,18,14,0,0,0,32.0,3.562,0.0,0.0,0.0,0.0,0.0,32.0,CAMPAGNOL G,2021
,56.25%,43.75%,0.00%,0.00%,0.00%,,,,,,,,,,2021
COURSE TOTAL:,18,14,0,0,0,32.0,3.562,0.0,0.0,0.0,0.0,0.0,32.0,,2021
,56.25%,43.75%,0.00%,0.00%,0.00%,,,,,,,,,,2021
ARCH-458-500,36,16,0,0,0,52.0,3.692,0.0,0.0,0.0,0.0,0.0,52.0,PENTECOST A,2021
,69.23%,30.77%,0.00%,0.00%,0.00%,,,,,,,,,,2021
COURSE TOTAL:,36,16,0,0,0,52.0,3.692,0.0,0.0,0.0,0.0,0.0,52.0,,2021
,69.23%,30.77%,0.00%,0.00%,0.00%,,,,,,,,,,2021
ARCH-485-500,11,0,0,0,0,11.0,4.0,0.0,0.0,0.0,0.0,0.0,11.0,HOLLIDAY S,2021
,100.00%,0.00%,0.00%,0.00%,0.00%,,,,,,,,,,2021
COURSE TOTAL:,11,0,0,0,0,11.0,4.0,0.0,0.0,0.0,0.0,0.0,11.0,,2021
,100.00%,0.00%,0.00%,0.00%,0.00%,,,,,,,,,,2021
ARCH-494-570,11,0,0,0,0,11.0,4.0,0.0,0.0,0.0,0.0,0.0,11.0,LUHAN G,2021
,100.00%,0.00%,0.00%,0.00%,0.00%,,,,,,,,,,2021
COURSE TOTAL:,11,0,0,0,0,11.0,4.0,0.0,0.0,0.0,0.0,0.0,11.0,,2021
,100.00%,0.00%,0.00%,0.00%,0.00%,,,,,,,,,,2021
ARCH-601-600,5,2,1,0,0,8.0,3.5,0.0,0.0,0.0,0.0,0.0,8.0,TATE J,2021
,62.50%,25.00%,12.50%,0.00%,0.00%,,,,,,,,,,2021
COURSE TOTAL:,5,2,1,0,0,8.0,3.5,0.0,0.0,0.0,0.0,0.0,8.0,,2021
,62.50%,25.00%,12.50%,0.00%,0.00%,,,,,,,,,,2021
ARCH-605-601,11,0,0,0,0,11.0,4.0,0.0,0.0,0.0,0.0,0.0,11.0,CARPENTER W,2021
,100.00%,0.00%,0.00%,0.00%,0.00%,,,,,,,,,,2021
ARCH-605-602,5,3,0,0,0,8.0,3.625,0.0,0.0,0.0,0.0,0.0,8.0,LU Z,2021
,62.50%,37.50%,0.00%,0.00%,0.00%,,,,,,,,,,2021
ARCH-605-603,8,3,0,0,0,11.0,3.727,0.0,0.0,0.0,0.0,0.0,11.0,HOLLIDAY R,2021
,72.73%,27.27%,0.00%,0.00%,0.00%,,,,,,,,,,2021
ARCH-605-604,9,1,1,0,0,11.0,3.727,0.0,0.0,0.0,0.0,0.0,11.0,ALI A,2021
,81.82%,9.09%,9.09%,0.00%,0.00%,,,,,,,,,,2021
COURSE TOTAL:,33,7,1,0,0,41.0,3.78,0.0,0.0,0.0,0.0,0.0,41.0,,2021
,80.49%,17.07%,2.44%,0.00%,0.00%,,,,,,,,,,2021
ARCH-607-601,7,3,0,0,0,10.0,3.7,0.0,0.0,0.0,0.0,0.0,10.0,ERMINY M,2021
,70.00%,30.00%,0.00%,0.00%,0.00%,,,,,,,,,,2021
ARCH-607-602,6,3,0,0,0,9.0,3.666,2.0,0.0,0.0,0.0,0.0,11.0,HAWKINS A,2021
,66.67%,33.33%,0.00%,0.00%,0.00%,,,,,,,,,,2021
ARCH-607-603,4,2,2,0,0,8.0,3.25,2.0,0.0,0.0,0.0,0.0,10.0,GIBBS B,2021
,50.00%,25.00%,25.00%,0.00%,0.00%,,,,,,,,,,2021
COURSE TOTAL:,17,8,2,0,0,27.0,3.555,4.0,0.0,0.0,0.0,0.0,31.0,,2021
,62.96%,29.63%,7.41%,0.00%,0.00%,,,,,,,,,,2021
ARCH-610-600,5,3,0,0,0,8.0,3.625,0.0,0.0,0.0,0.0,0.0,8.0,LUHAN G,2021
,62.50%,37.50%,0.00%,0.00%,0.00%,,,,,,,,,,2021
COURSE TOTAL:,5,3,0,0,0,8.0,3.625,0.0,0.0,0.0,0.0,0.0,8.0,,2021
,62.50%,37.50%,0.00%,0.00%,0.00%,,,,,,,,,,2021
ARCH-612-600,8,0,0,0,0,8.0,4.0,0.0,0.0,0.0,0.0,0.0,8.0,HOLLIDAY S,2021
,100.00%,0.00%,0.00%,0.00%,0.00%,,,,,,,,,,2021
COURSE TOTAL:,8,0,0,0,0,8.0,4.0,0.0,0.0,0.0,0.0,0.0,8.0,,2021
,100.00%,0.00%,0.00%,0.00%,0.00%,,,,,,,,,,2021
ARCH-628-600,6,3,0,0,1,10.0,3.3,1.0,0.0,0.0,0.0,0.0,11.0,BELTRAN L,2021
,60.00%,30.00%,0.00%,0.00%,10.00%,,,,,,,,,,2021
COURSE TOTAL:,6,3,0,0,1,10.0,3.3,1.0,0.0,0.0,0.0,0.0,11.0,,2021
,60.00%,30.00%,0.00%,0.00%,10.00%,,,,,,,,,,2021
ARCH-631-600,25,0,0,0,1,26.0,3.846,0.0,0.0,0.0,0.0,0.0,26.0,HALIBURTON J,2021
,96.15%,0.00%,0.00%,0.00%,3.85%,,,,,,,,,,2021
COURSE TOTAL:,25,0,0,0,1,26.0,3.846,0.0,0.0,0.0,0.0,0.0,26.0,,2021
,96.15%,0.00%,0.00%,0.00%,3.85%,,,,,,,,,,2021
ARCH-633-600,12,6,2,0,0,20.0,3.5,0.0,0.0,0.0,1.0,0.0,21.0,BALTAZAR J,2021
,60.00%,30.00%,10.00%,0.00%,0.00%,,,,,,,,,,2021
COURSE TOTAL:,12,6,2,0,0,20.0,3.5,0.0,0.0,0.0,1.0,0.0,21.0,,2021
,60.00%,30.00%,10.00%,0.00%,0.00%,,,,,,,,,,2021
ARCH-644-601,3,3,0,0,0,6.0,3.5,0.0,0.0,0.0,1.0,0.0,7.0,TRIPP A,2021
,50.00%,50.00%,0.00%,0.00%,0.00%,,,,,,,,,,2021
ARCH-644-602,15,0,0,0,0,15.0,4.0,0.0,0.0,0.0,0.0,0.0,15.0,CAFFEY S,2021
,100.00%,0.00%,0.00%,0.00%,0.00%,,,,,,,,,,2021
COURSE TOTAL:,18,3,0,0,0,21.0,3.857,0.0,0.0,0.0,1.0,0.0,22.0,,2021
,85.71%,14.29%,0.00%,0.00%,0.00%,,,,,,,,,,2021
ARCH-645-600,14,0,0,0,0,14.0,4.0,0.0,0.0,0.0,0.0,0.0,14.0,AITANI K,2021
,100.00%,0.00%,0.00%,0.00%,0.00%,,,,,,,,,,2021
ARCH-645-601,11,0,0,0,0,11.0,4.0,0.0,0.0,0.0,0.0,0.0,11.0,CARPENTER W,2021
,100.00%,0.00%,0.00%,0.00%,0.00%,,,,,,,,,,2021
COURSE TOTAL:,25,0,0,0,0,25.0,4.0,0.0,0.0,0.0,0.0,0.0,25.0,,2021
,100.00%,0.00%,0.00%,0.00%,0.00%,,,,,,,,,,2021
ARCH-648-600,11,0,0,0,0,11.0,4.0,1.0,0.0,0.0,0.0,0.0,12.0,WARDEN R,2021
,100.00%,0.00%,0.00%,0.00%,0.00%,,,,,,,,,,2021
COURSE TOTAL:,11,0,0,0,0,11.0,4.0,1.0,0.0,0.0,0.0,0.0,12.0,,2021
,100.00%,0.00%,0.00%,0.00%,0.00%,,,,,,,,,,2021
ARCH-653-600,6,0,0,0,0,6.0,4.0,0.0,0.0,0.0,1.0,0.0,7.0,YAN W,2021
,100.00%,0.00%,0.00%,0.00%,0.00%,,,,,,,,,,2021
COURSE TOTAL:,6,0,0,0,0,6.0,4.0,0.0,0.0,0.0,1.0,0.0,7.0,,2021
,100.00%,0.00%,0.00%,0.00%,0.00%,,,,,,,,,,2021
ARCH-657-600,29,0,0,0,0,29.0,4.0,0.0,0.0,0.0,0.0,0.0,29.0,ADAMS H,2021
,100.00%,0.00%,0.00%,0.00%,0.00%,,,,,,,,,,2021
COURSE TOTAL:,29,0,0,0,0,29.0,4.0,0.0,0.0,0.0,0.0,0.0,29.0,,2021
,100.00%,0.00%,0.00%,0.00%,0.00%,,,,,,,,,,2021
ARCH-658-600,19,5,1,0,0,25.0,3.72,0.0,0.0,0.0,0.0,0.0,25.0,ALI A,2021
,76.00%,20.00%,4.00%,0.00%,0.00%,,,,,,,,,,2021
COURSE TOTAL:,19,5,1,0,0,25.0,3.72,0.0,0.0,0.0,0.0,0.0,25.0,,2021
,76.00%,20.00%,4.00%,0.00%,0.00%,,,,,,,,,,2021
ARCH-660-600,8,2,0,0,0,10.0,3.8,0.0,0.0,0.0,0.0,0.0,10.0,PENTECOST A,2021
,80.00%,20.00%,0.00%,0.00%,0.00%,,,,,,,,,,2021
COURSE TOTAL:,8,2,0,0,0,10.0,3.8,0.0,0.0,0.0,0.0,0.0,10.0,,2021
,80.00%,20.00%,0.00%,0.00%,0.00%,,,,,,,,,,2021
ARCH-669-600,13,0,0,0,0,13.0,4.0,0.0,0.0,0.0,0.0,0.0,13.0,YAN W,2021
,100.00%,0.00%,0.00%,0.00%,0.00%,,,,,,,,,,2021
COURSE TOTAL:,13,0,0,0,0,13.0,4.0,0.0,0.0,0.0,0.0,0.0,13.0,,2021
,100.00%,0.00%,0.00%,0.00%,0.00%,,,,,,,,,,2021
ARCH-674-600,3,3,1,0,0,7.0,3.285,0.0,0.0,0.0,0.0,0.0,7.0,HAMILTON D,2021
,42.86%,42.86%,14.29%,0.00%,0.00%,,,,,,,,,,2021
COURSE TOTAL:,3,3,1,0,0,7.0,3.285,0.0,0.0,0.0,0.0,0.0,7.0,,2021
,42.86%,42.86%,14.29%,0.00%,0.00%,,,,,,,,,,2021
ARCH-675-600,5,3,0,0,0,8.0,3.625,0.0,0.0,0.0,0.0,0.0,8.0,ZHU X,2021
,62.50%,37.50%,0.00%,0.00%,0.00%,,,,,,,,,,2021
COURSE TOTAL:,5,3,0,0,0,8.0,3.625,0.0,0.0,0.0,0.0,0.0,8.0,,2021
,62.50%,37.50%,0.00%,0.00%,0.00%,,,,,,,,,,2021
ENDS-101-201,24,0,0,0,0,24.0,4.0,0.0,0.0,0.0,1.0,0.0,25.0,VANEGAS J,2021
,100.00%,0.00%,0.00%,0.00%,0.00%,,,,,,,,,,2021
ENDS-101-202,23,0,1,0,0,24.0,3.916,0.0,0.0,0.0,1.0,0.0,25.0,VANEGAS J,2021
,95.83%,0.00%,4.17%,0.00%,0.00%,,,,,,,,,,2021
ENDS-101-203,21,0,0,0,0,21.0,4.0,0.0,0.0,0.0,0.0,0.0,21.0,VANEGAS J,2021
,100.00%,0.00%,0.00%,0.00%,0.00%,,,,,,,,,,2021
ENDS-101-501,104,28,7,2,0,141.0,3.659,0.0,0.0,0.0,1.0,0.0,142.0,BILLINGSLEY A,2021
,73.76%,19.86%,4.96%,1.42%,0.00%,,,,,,,,,,2021
ENDS-101-701,153,46,4,6,4,213.0,3.586,0.0,0.0,0.0,5.0,0.0,218.0,BILLINGSLEY A,2021
,71.83%,21.60%,1.88%,2.82%,1.88%,,,,,,,,,,2021
COURSE TOTAL:,325,74,12,8,4,423.0,3.673,0.0,0.0,0.0,8.0,0.0,431.0,,2021
,76.83%,17.49%,2.84%,1.89%,0.95%,,,,,,,,,,2021
ENDS-105-506,11,5,0,0,0,16.0,3.687,0.0,0.0,0.0,1.0,0.0,17.0,ROGERS J,2021
,68.75%,31.25%,0.00%,0.00%,0.00%,,,,,,,,,,2021
ENDS-105-507,7,2,1,3,1,14.0,2.785,0.0,0.0,0.0,0.0,0.0,14.0,DE LIMA VAZ XAVIER,2021
,50.00%,14.29%,7.14%,21.43%,7.14%,,,,,,,,,,2021
ENDS-105-508,6,6,1,0,1,14.0,3.142,1.0,0.0,0.0,0.0,0.0,15.0,HE W,2021
,42.86%,42.86%,7.14%,0.00%,7.14%,,,,,,,,,,2021
ENDS-105-509,10,1,1,0,1,13.0,3.461,0.0,0.0,0.0,2.0,0.0,15.0,DE LIMA VAZ XAVIER,2021
,76.92%,7.69%,7.69%,0.00%,7.69%,,,,,,,,,,2021
ENDS-105-510,4,10,1,1,0,16.0,3.062,0.0,0.0,0.0,1.0,0.0,17.0,ROGERS J,2021
,25.00%,62.50%,6.25%,6.25%,0.00%,,,,,,,,,,2021
ENDS-105-511,6,8,2,0,1,17.0,3.058,0.0,0.0,0.0,0.0,0.0,17.0,BORGES GONZALEZ A,2021
,35.29%,47.06%,11.76%,0.00%,5.88%,,,,,,,,,,2021
ENDS-105-512,9,4,5,0,0,18.0,3.222,0.0,0.0,0.0,0.0,0.0,18.0,CATAO CARTAXO,2021
,50.00%,22.22%,27.78%,0.00%,0.00%,,,,,,,,,,2021
COURSE TOTAL:,53,36,11,4,4,108.0,3.203,1.0,0.0,0.0,4.0,0.0,113.0,,2021
,49.07%,33.33%,10.19%,3.70%,3.70%,,,,,,,,,,2021
ENDS-115-506,17,0,0,0,0,17.0,4.0,0.0,0.0,0.0,0.0,0.0,17.0,OSI K,2021
,100.00%,0.00%,0.00%,0.00%,0.00%,,,,,,,,,,2021
ENDS-115-507,8,2,2,0,1,13.0,3.23,0.0,0.0,0.0,1.0,0.0,14.0,VAZQUEZ MOLINARY A,2021
,61.54%,15.38%,15.38%,0.00%,7.69%,,,,,,,,,,2021
ENDS-115-508,7,5,0,0,0,12.0,3.583,1.0,0.0,0.0,1.0,0.0,14.0,HE W,2021
,58.33%,41.67%,0.00%,0.00%,0.00%,,,,,,,,,,2021
ENDS-115-509,9,4,1,0,1,15.0,3.333,0.0,0.0,0.0,0.0,0.0,15.0,BATROUNY E,2021
,60.00%,26.67%,6.67%,0.00%,6.67%,,,,,,,,,,2021
ENDS-115-510,7,7,0,0,0,14.0,3.5,0.0,0.0,0.0,1.0,0.0,15.0,ROHIT KUMAR .,2021
,50.00%,50.00%,0.00%,0.00%,0.00%,,,,,,,,,,2021
ENDS-115-511,8,6,1,0,1,16.0,3.25,0.0,0.0,0.0,0.0,0.0,16.0,BORGES GONZALEZ A,2021
,50.00%,37.50%,6.25%,0.00%,6.25%,,,,,,,,,,2021
ENDS-115-512,12,2,1,0,0,15.0,3.733,0.0,0.0,0.0,0.0,0.0,15.0,ZHAO X,2021
,80.00%,13.33%,6.67%,0.00%,0.00%,,,,,,,,,,2021
COURSE TOTAL:,68,26,5,0,3,102.0,3.529,1.0,0.0,0.0,3.0,0.0,106.0,,2021
,66.67%,25.49%,4.90%,0.00%,2.94%,,,,,,,,,,2021
DEPARTMENT TOTAL:,1849,849,238,55,30,3021.0,3.476,19.0,0.0,0.0,70.0,0.0,3110.0,,2021
,61.20%,28.10%,7.88%,1.82%,0.99%,,,,,,,,,,2021
CARC-181-501,9,0,0,0,0,9.0,4.0,0.0,0.0,0.0,0.0,0.0,9.0,FEIGENBAUM L,2021
,100.00%,0.00%,0.00%,0.00%,0.00%,,,,,,,,,,2021
CARC-181-502,8,0,0,0,0,8.0,4.0,0.0,0.0,0.0,0.0,0.0,8.0,FEIGENBAUM L,2021
,100.00%,0.00%,0.00%,0.00%,0.00%,,,,,,,,,,2021
CARC-181-503,10,0,0,0,0,10.0,4.0,0.0,0.0,0.0,0.0,0.0,10.0,VANEGAS J,2021
,100.00%,0.00%,0.00%,0.00%,0.00%,,,,,,,,,,2021
COURSE TOTAL:,27,0,0,0,0,27.0,4.0,0.0,0.0,0.0,0.0,0.0,27.0,,2021
,100.00%,0.00%,0.00%,0.00%,0.00%,,,,,,,,,,2021
CARC-301-550,7,3,0,0,0,10.0,3.7,0.0,0.0,0.0,0.0,0.0,10.0,WOODFIN T,2021
,70.00%,30.00%,0.00%,0.00%,0.00%,,,,,,,,,,2021
CARC-301-551,9,1,1,0,0,11.0,3.727,0.0,0.0,0.0,0.0,0.0,11.0,WARDEN R,2021
,81.82%,9.09%,9.09%,0.00%,0.00%,,,,,,,,,,2021
COURSE TOTAL:,16,4,1,0,0,21.0,3.714,0.0,0.0,0.0,0.0,0.0,21.0,,2021
,76.19%,19.05%,4.76%,0.00%,0.00%,,,,,,,,,,2021
CARC-311-550,10,0,0,0,0,10.0,4.0,0.0,0.0,0.0,0.0,0.0,10.0,WOODFIN T,2021
,100.00%,0.00%,0.00%,0.00%,0.00%,,,,,,,,,,2021
CARC-311-551,11,0,0,0,0,11.0,4.0,0.0,0.0,0.0,0.0,0.0,11.0,WARDEN R,2021
,100.00%,0.00%,0.00%,0.00%,0.00%,,,,,,,,,,2021
COURSE TOTAL:,21,0,0,0,0,21.0,4.0,0.0,0.0,0.0,0.0,0.0,21.0,,2021
,100.00%,0.00%,0.00%,0.00%,0.00%,,,,,,,,,,2021
CARC-331-550,4,6,0,0,0,10.0,3.4,0.0,0.0,0.0,0.0,0.0,10.0,WOODFIN T,2021
,40.00%,60.00%,0.00%,0.00%,0.00%,,,,,,,,,,2021
CARC-331-551,8,2,1,0,0,11.0,3.636,0.0,0.0,0.0,0.0,0.0,11.0,DI PASQUALE G,2021
,72.73%,18.18%,9.09%,0.00%,0.00%,,,,,,,,,,2021
COURSE TOTAL:,12,8,1,0,0,21.0,3.523,0.0,0.0,0.0,0.0,0.0,21.0,,2021
,57.14%,38.10%,4.76%,0.00%,0.00%,,,,,,,,,,2021
CARC-484-550,6,0,0,0,0,6.0,4.0,0.0,0.0,0.0,0.0,0.0,6.0,HOLLIDAY S,2021
,100.00%,0.00%,0.00%,0.00%,0.00%,,,,,,,,,,2021
COURSE TOTAL:,6,0,0,0,0,6.0,4.0,0.0,0.0,0.0,0.0,0.0,6.0,,2021
,100.00%,0.00%,0.00%,0.00%,0.00%,,,,,,,,,,2021
CARC-601-600,12,0,0,0,0,12.0,4.0,0.0,0.0,0.0,0.0,0.0,12.0,VAN ZANDT S,2021
,100.00%,0.00%,0.00%,0.00%,0.00%,,,,,,,,,,2021
COURSE TOTAL:,12,0,0,0,0,12.0,4.0,0.0,0.0,0.0,0.0,0.0,12.0,,2021
,100.00%,0.00%,0.00%,0.00%,0.00%,,,,,,,,,,2021
DEPARTMENT TOTAL:,94,12,2,0,0,108.0,3.811,0.0,0.0,0.0,0.0,0.0,108.0,,2021
,87.04%,11.11%,1.85%,0.00%,0.00%,,,,,,,,,,2021
COSC-153-500,191,26,7,0,1,225.0,3.804,0.0,0.0,0.0,3.0,0.0,228.0,GUERRA SANTOS H,2021
,84.89%,11.56%,3.11%,0.00%,0.44%,,,,,,,,,,2021
COURSE TOTAL:,191,26,7,0,1,225.0,3.804,0.0,0.0,0.0,3.0,0.0,228.0,,2021
,84.89%,11.56%,3.11%,0.00%,0.44%,,,,,,,,,,2021
COSC-175-501,39,13,4,1,2,59.0,3.457,0.0,0.0,0.0,2.0,0.0,61.0,KANG H,2021
,66.10%,22.03%,6.78%,1.69%,3.39%,,,,,,,,,,2021
COSC-175-502,27,24,6,0,0,57.0,3.368,0.0,0.0,0.0,5.0,0.0,62.0,KANG H,2021
,47.37%,42.11%,10.53%,0.00%,0.00%,,,,,,,,,,2021
COSC-175-503,26,19,11,0,3,59.0,3.101,0.0,0.0,0.0,1.0,0.0,60.0,SADEGHI N,2021
,44.07%,32.20%,18.64%,0.00%,5.08%,,,,,,,,,,2021
COSC-175-504,28,25,6,2,0,61.0,3.295,0.0,0.0,0.0,0.0,0.0,61.0,ARYAL A,2021
,45.90%,40.98%,9.84%,3.28%,0.00%,,,,,,,,,,2021
COSC-175-505,31,21,5,0,2,59.0,3.338,0.0,0.0,0.0,3.0,0.0,62.0,ARYAL A,2021
,52.54%,35.59%,8.47%,0.00%,3.39%,,,,,,,,,,2021
COSC-175-M01,4,3,0,0,0,7.0,3.571,0.0,0.0,0.0,0.0,0.0,7.0,ESCAMILLA E,2021
,57.14%,42.86%,0.00%,0.00%,0.00%,,,,,,,,,,2021
COURSE TOTAL:,155,105,32,3,7,302.0,3.317,0.0,0.0,0.0,11.0,0.0,313.0,,2021
,51.32%,34.77%,10.60%,0.99%,2.32%,,,,,,,,,,2021
COSC-184-501,20,13,2,0,0,35.0,3.514,1.0,0.0,0.0,0.0,0.0,36.0,MCGOWAN A,2021
,57.14%,37.14%,5.71%,0.00%,0.00%,,,,,,,,,,2021
COSC-184-502,26,9,0,0,1,36.0,3.638,0.0,0.0,0.0,0.0,0.0,36.0,MCGOWAN A,2021
,72.22%,25.00%,0.00%,0.00%,2.78%,,,,,,,,,,2021
COSC-184-503,21,13,2,0,0,36.0,3.527,0.0,0.0,0.0,0.0,0.0,36.0,MCGOWAN A,2021
,58.33%,36.11%,5.56%,0.00%,0.00%,,,,,,,,,,2021
COSC-184-504,9,21,4,0,1,35.0,3.057,0.0,0.0,0.0,1.0,0.0,36.0,MCGOWAN A,2021
,25.71%,60.00%,11.43%,0.00%,2.86%,,,,,,,,,,2021
COSC-184-505,19,12,4,1,0,36.0,3.361,0.0,0.0,0.0,0.0,0.0,36.0,MCGOWAN A,2021
,52.78%,33.33%,11.11%,2.78%,0.00%,,,,,,,,,,2021
COSC-184-506,16,13,4,0,1,34.0,3.264,0.0,0.0,0.0,2.0,0.0,36.0,MCGOWAN A,2021
,47.06%,38.24%,11.76%,0.00%,2.94%,,,,,,,,,,2021
COSC-184-507,22,9,1,0,0,32.0,3.656,1.0,0.0,0.0,3.0,0.0,36.0,MCGOWAN A,2021
,68.75%,28.13%,3.13%,0.00%,0.00%,,,,,,,,,,2021
COSC-184-M01,5,2,0,0,0,7.0,3.714,0.0,0.0,0.0,0.0,0.0,7.0,MCGOWAN A,2021
,71.43%,28.57%,0.00%,0.00%,0.00%,,,,,,,,,,2021
COURSE TOTAL:,138,92,17,1,3,251.0,3.438,2.0,0.0,0.0,6.0,0.0,259.0,,2021
,54.98%,36.65%,6.77%,0.40%,1.20%,,,,,,,,,,2021
COSC-222-900,20,2,0,0,1,23.0,3.739,0.0,0.0,0.0,0.0,0.0,23.0,ELLIS D,2021
,86.96%,8.70%,0.00%,0.00%,4.35%,,,,,,,,,,2021
COSC-222-901,22,2,0,0,0,24.0,3.916,0.0,0.0,0.0,0.0,0.0,24.0,ELLIS D,2021
,91.67%,8.33%,0.00%,0.00%,0.00%,,,,,,,,,,2021
COSC-222-902,20,1,2,1,1,25.0,3.52,0.0,0.0,0.0,0.0,0.0,25.0,ELLIS D,2021
,80.00%,4.00%,8.00%,4.00%,4.00%,,,,,,,,,,2021
COSC-222-903,17,6,0,2,0,25.0,3.52,0.0,0.0,0.0,0.0,0.0,25.0,ELLIS D,2021
,68.00%,24.00%,0.00%,8.00%,0.00%,,,,,,,,,,2021
COSC-222-904,22,2,0,0,0,24.0,3.916,0.0,0.0,0.0,0.0,0.0,24.0,ELLIS D,2021
,91.67%,8.33%,0.00%,0.00%,0.00%,,,,,,,,,,2021
COSC-222-905,22,2,1,0,0,25.0,3.84,0.0,0.0,0.0,0.0,0.0,25.0,ELLIS D,2021
,88.00%,8.00%,4.00%,0.00%,0.00%,,,,,,,,,,2021
COSC-222-906,18,3,3,0,0,24.0,3.625,0.0,0.0,0.0,1.0,0.0,25.0,ELLIS D,2021
,75.00%,12.50%,12.50%,0.00%,0.00%,,,,,,,,,,2021
COSC-222-907,17,4,1,0,0,22.0,3.727,0.0,0.0,0.0,1.0,0.0,23.0,ELLIS D,2021
,77.27%,18.18%,4.55%,0.00%,0.00%,,,,,,,,,,2021
COSC-222-908,20,2,1,0,1,24.0,3.666,0.0,0.0,0.0,0.0,0.0,24.0,ELLIS D,2021
,83.33%,8.33%,4.17%,0.00%,4.17%,,,,,,,,,,2021
COSC-222-909,20,1,2,0,0,23.0,3.782,0.0,0.0,0.0,0.0,0.0,23.0,ELLIS D,2021
,86.96%,4.35%,8.70%,0.00%,0.00%,,,,,,,,,,2021
COSC-222-910,14,4,4,1,0,23.0,3.347,0.0,0.0,0.0,0.0,0.0,23.0,ELLIS D,2021
,60.87%,17.39%,17.39%,4.35%,0.00%,,,,,,,,,,2021
COSC-222-911,19,6,0,0,0,25.0,3.76,0.0,0.0,0.0,0.0,0.0,25.0,ELLIS D,2021
,76.00%,24.00%,0.00%,0.00%,0.00%,,,,,,,,,,2021
COSC-222-913,10,0,0,0,0,10.0,4.0,0.0,0.0,0.0,0.0,0.0,10.0,ELLIS D,2021
,100.00%,0.00%,0.00%,0.00%,0.00%,,,,,,,,,,2021
COURSE TOTAL:,241,35,14,4,3,297.0,3.707,0.0,0.0,0.0,2.0,0.0,299.0,,2021
,81.14%,11.78%,4.71%,1.35%,1.01%,,,,,,,,,,2021
COSC-253-501,53,98,49,15,4,219.0,2.826,0.0,0.0,0.0,4.0,0.0,223.0,SIMMS L,2021
,24.20%,44.75%,22.37%,6.85%,1.83%,,,,,,,,,,2021
COSC-253-700,51,50,15,5,1,122.0,3.188,0.0,0.0,0.0,0.0,0.0,122.0,CARLSON K,2021
,41.80%,40.98%,12.30%,4.10%,0.82%,,,,,,,,,,2021
COURSE TOTAL:,104,148,64,20,5,341.0,2.956,0.0,0.0,0.0,4.0,0.0,345.0,,2021
,30.50%,43.40%,18.77%,5.87%,1.47%,,,,,,,,,,2021
COSC-254-501,4,10,4,2,0,20.0,2.8,0.0,0.0,0.0,1.0,0.0,21.0,SIMMS L,2021
,20.00%,50.00%,20.00%,10.00%,0.00%,,,,,,,,,,2021
COURSE TOTAL:,4,10,4,2,0,20.0,2.8,0.0,0.0,0.0,1.0,0.0,21.0,,2021
,20.00%,50.00%,20.00%,10.00%,0.00%,,,,,,,,,,2021
COSC-275-501,21,23,14,1,0,59.0,3.084,0.0,0.0,0.0,2.0,0.0,61.0,PALMER R,2021
,35.59%,38.98%,23.73%,1.69%,0.00%,,,,,,,,,,2021
COSC-275-502,25,22,9,0,0,56.0,3.285,0.0,0.0,0.0,7.0,0.0,63.0,PALMER R,2021
,44.64%,39.29%,16.07%,0.00%,0.00%,,,,,,,,,,2021
COSC-275-503,17,30,9,1,1,58.0,3.051,0.0,0.0,0.0,3.0,0.0,61.0,PALMER R,2021
,29.31%,51.72%,15.52%,1.72%,1.72%,,,,,,,,,,2021
COURSE TOTAL:,63,75,32,2,1,173.0,3.138,0.0,0.0,0.0,12.0,0.0,185.0,,2021
,36.42%,43.35%,18.50%,1.16%,0.58%,,,,,,,,,,2021
COSC-301-501,6,15,6,0,0,27.0,3.0,2.0,0.0,0.0,0.0,0.0,29.0,HARTELL J,2021
,22.22%,55.56%,22.22%,0.00%,0.00%,,,,,,,,,,2021
COSC-301-502,21,8,0,0,0,29.0,3.724,0.0,0.0,0.0,1.0,0.0,30.0,HARTELL J,2021
,72.41%,27.59%,0.00%,0.00%,0.00%,,,,,,,,,,2021
COSC-301-503,20,10,0,0,0,30.0,3.666,0.0,0.0,0.0,0.0,0.0,30.0,HARTELL J,2021
,66.67%,33.33%,0.00%,0.00%,0.00%,,,,,,,,,,2021
COSC-301-504,24,4,2,0,0,30.0,3.733,0.0,0.0,0.0,0.0,0.0,30.0,HARTELL J,2021
,80.00%,13.33%,6.67%,0.00%,0.00%,,,,,,,,,,2021
COSC-301-505,25,4,1,0,0,30.0,3.8,0.0,0.0,0.0,0.0,0.0,30.0,HARTELL J,2021
,83.33%,13.33%,3.33%,0.00%,0.00%,,,,,,,,,,2021
COSC-301-506,18,10,1,0,0,29.0,3.586,0.0,0.0,0.0,1.0,0.0,30.0,HARTELL J,2021
,62.07%,34.48%,3.45%,0.00%,0.00%,,,,,,,,,,2021
COURSE TOTAL:,114,51,10,0,0,175.0,3.594,2.0,0.0,0.0,2.0,0.0,179.0,,2021
,65.14%,29.14%,5.71%,0.00%,0.00%,,,,,,,,,,2021
COSC-310-500,70,1,0,0,2,73.0,3.876,0.0,0.0,0.0,2.0,0.0,75.0,BOLDT G,2021
,95.89%,1.37%,0.00%,0.00%,2.74%,,,,,,,,,,2021
COURSE TOTAL:,70,1,0,0,2,73.0,3.876,0.0,0.0,0.0,2.0,0.0,75.0,,2021
,95.89%,1.37%,0.00%,0.00%,2.74%,,,,,,,,,,2021
COSC-321-501,66,37,50,14,0,167.0,2.928,1.0,0.0,0.0,20.0,0.0,188.0,CHOI K,2021
,39.52%,22.16%,29.94%,8.38%,0.00%,,,,,,,,,,2021
COURSE TOTAL:,66,37,50,14,0,167.0,2.928,1.0,0.0,0.0,20.0,0.0,188.0,,2021
,39.52%,22.16%,29.94%,8.38%,0.00%,,,,,,,,,,2021
COSC-325-500,14,65,80,13,1,173.0,2.45,0.0,0.0,0.0,2.0,0.0,175.0,HOUSTON J,2021
,8.09%,37.57%,46.24%,7.51%,0.58%,,,,,,,,,,2021
COURSE TOTAL:,14,65,80,13,1,173.0,2.45,0.0,0.0,0.0,2.0,0.0,175.0,,2021
,8.09%,37.57%,46.24%,7.51%,0.58%,,,,,,,,,,2021
COSC-326-500,42,66,16,2,2,128.0,3.125,0.0,0.0,0.0,1.0,0.0,129.0,CARLSON K,2021
,32.81%,51.56%,12.50%,1.56%,1.56%,,,,,,,,,,2021
COURSE TOTAL:,42,66,16,2,2,128.0,3.125,0.0,0.0,0.0,1.0,0.0,129.0,,2021
,32.81%,51.56%,12.50%,1.56%,1.56%,,,,,,,,,,2021
COSC-333-500,21,16,7,1,1,46.0,3.195,0.0,0.0,0.0,0.0,0.0,46.0,WOZNIAK E,2021
,45.65%,34.78%,15.22%,2.17%,2.17%,,,,,,,,,,2021
COURSE TOTAL:,21,16,7,1,1,46.0,3.195,0.0,0.0,0.0,0.0,0.0,46.0,,2021
,45.65%,34.78%,15.22%,2.17%,2.17%,,,,,,,,,,2021
COSC-353-501,12,52,15,2,0,81.0,2.913,0.0,0.0,0.0,0.0,0.0,81.0,SIMMS L,2021
,14.81%,64.20%,18.52%,2.47%,0.00%,,,,,,,,,,2021
COSC-353-502,11,45,14,1,1,72.0,2.888,0.0,0.0,0.0,0.0,0.0,72.0,SIMMS L,2021
,15.28%,62.50%,19.44%,1.39%,1.39%,,,,,,,,,,2021
COURSE TOTAL:,23,97,29,3,1,153.0,2.901,0.0,0.0,0.0,0.0,0.0,153.0,,2021
,15.03%,63.40%,18.95%,1.96%,0.65%,,,,,,,,,,2021
COSC-375-501,4,24,13,1,0,42.0,2.738,0.0,0.0,0.0,1.0,0.0,43.0,BOLDT G,2021
,9.52%,57.14%,30.95%,2.38%,0.00%,,,,,,,,,,2021
COSC-375-502,2,22,16,2,0,42.0,2.571,0.0,0.0,0.0,1.0,0.0,43.0,BOLDT G,2021
,4.76%,52.38%,38.10%,4.76%,0.00%,,,,,,,,,,2021
COSC-375-503,4,18,19,0,2,43.0,2.511,0.0,0.0,0.0,1.0,0.0,44.0,BOLDT G,2021
,9.30%,41.86%,44.19%,0.00%,4.65%,,,,,,,,,,2021
COSC-375-504,7,12,17,1,1,38.0,2.605,0.0,0.0,0.0,1.0,0.0,39.0,BOLDT G,2021
,18.42%,31.58%,44.74%,2.63%,2.63%,,,,,,,,,,2021
COSC-375-505,3,7,4,1,0,15.0,2.8,0.0,0.0,0.0,0.0,0.0,15.0,BOLDT G,2021
,20.00%,46.67%,26.67%,6.67%,0.00%,,,,,,,,,,2021
COURSE TOTAL:,20,83,69,5,3,180.0,2.622,0.0,0.0,0.0,4.0,0.0,184.0,,2021
,11.11%,46.11%,38.33%,2.78%,1.67%,,,,,,,,,,2021
COSC-381-500,147,27,0,0,1,175.0,3.822,0.0,0.0,0.0,0.0,0.0,175.0,SUERMANN P,2021
,84.00%,15.43%,0.00%,0.00%,0.57%,,,,,,,,,,2021
COURSE TOTAL:,147,27,0,0,1,175.0,3.822,0.0,0.0,0.0,0.0,0.0,175.0,,2021
,84.00%,15.43%,0.00%,0.00%,0.57%,,,,,,,,,,2021
COSC-410-500,48,2,0,0,2,52.0,3.807,1.0,0.0,0.0,0.0,0.0,53.0,FICKEL L,2021
,92.31%,3.85%,0.00%,0.00%,3.85%,,,,,,,,,,2021
COURSE TOTAL:,48,2,0,0,2,52.0,3.807,1.0,0.0,0.0,0.0,0.0,53.0,,2021
,92.31%,3.85%,0.00%,0.00%,3.85%,,,,,,,,,,2021
COSC-411-500,36,18,0,0,3,57.0,3.473,0.0,0.0,0.0,0.0,0.0,57.0,FICKEL L,2021
,63.16%,31.58%,0.00%,0.00%,5.26%,,,,,,,,,,2021
COURSE TOTAL:,36,18,0,0,3,57.0,3.473,0.0,0.0,0.0,0.0,0.0,57.0,,2021
,63.16%,31.58%,0.00%,0.00%,5.26%,,,,,,,,,,2021
COSC-421-500,40,63,20,3,1,127.0,3.086,0.0,0.0,0.0,0.0,0.0,127.0,DUDLEY D,2021
,31.50%,49.61%,15.75%,2.36%,0.79%,,,,,,,,,,2021
COURSE TOTAL:,40,63,20,3,1,127.0,3.086,0.0,0.0,0.0,0.0,0.0,127.0,,2021
,31.50%,49.61%,15.75%,2.36%,0.79%,,,,,,,,,,2021
COSC-440-930,2,12,7,0,0,21.0,2.761,0.0,0.0,0.0,0.0,0.0,21.0,HOUSTON J,2021
,9.52%,57.14%,33.33%,0.00%,0.00%,,,,,,,,,,2021
COURSE TOTAL:,2,12,7,0,0,21.0,2.761,0.0,0.0,0.0,0.0,0.0,21.0,,2021
,9.52%,57.14%,33.33%,0.00%,0.00%,,,,,,,,,,2021
COSC-441-930,4,18,3,0,0,25.0,3.04,0.0,0.0,0.0,0.0,0.0,25.0,BIRDWELL R,2021
,16.00%,72.00%,12.00%,0.00%,0.00%,,,,,,,,,,2021
COURSE TOTAL:,4,18,3,0,0,25.0,3.04,0.0,0.0,0.0,0.0,0.0,25.0,,2021
,16.00%,72.00%,12.00%,0.00%,0.00%,,,,,,,,,,2021
COSC-442-931,21,5,0,0,0,26.0,3.807,0.0,0.0,0.0,0.0,0.0,26.0,PALMER R,2021
,80.77%,19.23%,0.00%,0.00%,0.00%,,,,,,,,,,2021
COSC-442-933,23,2,0,0,0,25.0,3.92,0.0,0.0,0.0,0.0,0.0,25.0,PALMER R,2021
,92.00%,8.00%,0.00%,0.00%,0.00%,,,,,,,,,,2021
COURSE TOTAL:,44,7,0,0,0,51.0,3.862,0.0,0.0,0.0,0.0,0.0,51.0,,2021
,86.27%,13.73%,0.00%,0.00%,0.00%,,,,,,,,,,2021
COSC-450-500,4,15,11,0,1,31.0,2.677,0.0,0.0,0.0,1.0,0.0,32.0,LAVY S,2021
,12.90%,48.39%,35.48%,0.00%,3.23%,,,,,,,,,,2021
COURSE TOTAL:,4,15,11,0,1,31.0,2.677,0.0,0.0,0.0,1.0,0.0,32.0,,2021
,12.90%,48.39%,35.48%,0.00%,3.23%,,,,,,,,,,2021
COSC-459-500,7,5,2,0,0,14.0,3.357,0.0,0.0,0.0,0.0,0.0,14.0,WHITMAN J,2021
,50.00%,35.71%,14.29%,0.00%,0.00%,,,,,,,,,,2021
COURSE TOTAL:,7,5,2,0,0,14.0,3.357,0.0,0.0,0.0,0.0,0.0,14.0,,2021
,50.00%,35.71%,14.29%,0.00%,0.00%,,,,,,,,,,2021
COSC-461-500,25,7,2,0,0,34.0,3.676,0.0,0.0,0.0,0.0,0.0,34.0,HAM Y,2021
,73.53%,20.59%,5.88%,0.00%,0.00%,,,,,,,,,,2021
COSC-461-501,16,5,1,0,1,23.0,3.521,0.0,0.0,0.0,3.0,0.0,26.0,DIXIT M,2021
,69.57%,21.74%,4.35%,0.00%,4.35%,,,,,,,,,,2021
COURSE TOTAL:,41,12,3,0,1,57.0,3.614,0.0,0.0,0.0,3.0,0.0,60.0,,2021
,71.93%,21.05%,5.26%,0.00%,1.75%,,,,,,,,,,2021
COSC-463-901,4,13,4,0,2,23.0,2.739,0.0,0.0,0.0,1.0,0.0,24.0,MCCLOSKEY A,2021
,17.39%,56.52%,17.39%,0.00%,8.70%,,,,,,,,,,2021
COSC-463-902,10,15,0,1,0,26.0,3.307,0.0,0.0,0.0,0.0,0.0,26.0,MCCLOSKEY A,2021
,38.46%,57.69%,0.00%,3.85%,0.00%,,,,,,,,,,2021
COSC-463-903,8,15,2,0,0,25.0,3.24,1.0,0.0,0.0,0.0,0.0,26.0,DAIGNEAULT M,2021
,32.00%,60.00%,8.00%,0.00%,0.00%,,,,,,,,,,2021
COSC-463-904,7,15,2,0,1,25.0,3.08,0.0,0.0,0.0,1.0,0.0,26.0,DAIGNEAULT M,2021
,28.00%,60.00%,8.00%,0.00%,4.00%,,,,,,,,,,2021
COSC-463-905,5,14,3,0,0,22.0,3.09,0.0,0.0,0.0,0.0,0.0,22.0,RODGERS W,2021
,22.73%,63.64%,13.64%,0.00%,0.00%,,,,,,,,,,2021
COSC-463-906,7,16,2,0,0,25.0,3.2,0.0,0.0,0.0,0.0,0.0,25.0,MCCLOSKEY A,2021
,28.00%,64.00%,8.00%,0.00%,0.00%,,,,,,,,,,2021
COURSE TOTAL:,41,88,13,1,3,146.0,3.116,1.0,0.0,0.0,2.0,0.0,149.0,,2021
,28.08%,60.27%,8.90%,0.68%,2.05%,,,,,,,,,,2021
COSC-464-500,31,5,0,0,0,36.0,3.861,0.0,0.0,0.0,0.0,0.0,36.0,MCGOWAN A,2021
,86.11%,13.89%,0.00%,0.00%,0.00%,,,,,,,,,,2021
COURSE TOTAL:,31,5,0,0,0,36.0,3.861,0.0,0.0,0.0,0.0,0.0,36.0,,2021
,86.11%,13.89%,0.00%,0.00%,0.00%,,,,,,,,,,2021
COSC-465-501,87,2,1,0,1,91.0,3.912,0.0,0.0,0.0,0.0,0.0,91.0,COKINOS G,2021
,95.60%,2.20%,1.10%,0.00%,1.10%,,,,,,,,,,2021
COURSE TOTAL:,87,2,1,0,1,91.0,3.912,0.0,0.0,0.0,0.0,0.0,91.0,,2021
,95.60%,2.20%,1.10%,0.00%,1.10%,,,,,,,,,,2021
COSC-475-501,2,16,17,1,1,37.0,2.459,0.0,0.0,0.0,2.0,0.0,39.0,MCGINN L,2021
,5.41%,43.24%,45.95%,2.70%,2.70%,,,,,,,,,,2021
COSC-475-502,6,19,16,0,0,41.0,2.756,0.0,0.0,0.0,1.0,0.0,42.0,MCGINN L,2021
,14.63%,46.34%,39.02%,0.00%,0.00%,,,,,,,,,,2021
COSC-475-503,5,22,10,0,1,38.0,2.789,0.0,0.0,0.0,1.0,0.0,39.0,MCGINN L,2021
,13.16%,57.89%,26.32%,0.00%,2.63%,,,,,,,,,,2021
COSC-475-504,1,21,17,1,2,42.0,2.428,0.0,0.0,0.0,0.0,0.0,42.0,MCGINN L,2021
,2.38%,50.00%,40.48%,2.38%,4.76%,,,,,,,,,,2021
COURSE TOTAL:,14,78,60,2,4,158.0,2.607,0.0,0.0,0.0,4.0,0.0,162.0,,2021
,8.86%,49.37%,37.97%,1.27%,2.53%,,,,,,,,,,2021
COSC-477-501,8,27,21,1,0,57.0,2.736,0.0,0.0,0.0,1.0,0.0,58.0,FICKEL L,2021
,14.04%,47.37%,36.84%,1.75%,0.00%,,,,,,,,,,2021
COSC-477-502,18,26,7,0,0,51.0,3.215,0.0,0.0,0.0,0.0,0.0,51.0,FICKEL L,2021
,35.29%,50.98%,13.73%,0.00%,0.00%,,,,,,,,,,2021
COURSE TOTAL:,26,53,28,1,0,108.0,2.962,0.0,0.0,0.0,1.0,0.0,109.0,,2021
,24.07%,49.07%,25.93%,0.93%,0.00%,,,,,,,,,,2021
COSC-489-500,7,2,2,1,0,12.0,3.25,0.0,0.0,0.0,0.0,0.0,12.0,ARYAL A,2021
,58.33%,16.67%,16.67%,8.33%,0.00%,,,,,,,,,,2021
COURSE TOTAL:,7,2,2,1,0,12.0,3.25,0.0,0.0,0.0,0.0,0.0,12.0,,2021
,58.33%,16.67%,16.67%,8.33%,0.00%,,,,,,,,,,2021
COSC-494-950,102,27,2,0,0,131.0,3.763,0.0,0.0,0.0,0.0,0.0,131.0,GUERRA SANTOS H,2021
,77.86%,20.61%,1.53%,0.00%,0.00%,,,,,,,,,,2021
COURSE TOTAL:,102,27,2,0,0,131.0,3.763,0.0,0.0,0.0,0.0,0.0,131.0,,2021
,77.86%,20.61%,1.53%,0.00%,0.00%,,,,,,,,,,2021
COSC-601-600,65,2,0,0,0,67.0,3.97,0.0,0.0,0.0,0.0,0.0,67.0,LEWIS P,2021
,97.01%,2.99%,0.00%,0.00%,0.00%,,,,,,,,,,2021
COURSE TOTAL:,65,2,0,0,0,67.0,3.97,0.0,0.0,0.0,0.0,0.0,67.0,,2021
,97.01%,2.99%,0.00%,0.00%,0.00%,,,,,,,,,,2021
COSC-602-600,58,10,1,0,0,69.0,3.826,0.0,0.0,0.0,0.0,0.0,69.0,SUERMANN P,2021
,84.06%,14.49%,1.45%,0.00%,0.00%,,,,,,,,,,2021
COURSE TOTAL:,58,10,1,0,0,69.0,3.826,0.0,0.0,0.0,0.0,0.0,69.0,,2021
,84.06%,14.49%,1.45%,0.00%,0.00%,,,,,,,,,,2021
COSC-603-600,8,31,7,0,0,46.0,3.021,0.0,0.0,0.0,0.0,0.0,46.0,MCGINN L,2021
,17.39%,67.39%,15.22%,0.00%,0.00%,,,,,,,,,,2021
COURSE TOTAL:,8,31,7,0,0,46.0,3.021,0.0,0.0,0.0,0.0,0.0,46.0,,2021
,17.39%,67.39%,15.22%,0.00%,0.00%,,,,,,,,,,2021
COSC-608-600,1,2,2,0,0,5.0,2.8,0.0,0.0,0.0,0.0,0.0,5.0,DUDLEY D,2021
,20.00%,40.00%,40.00%,0.00%,0.00%,,,,,,,,,,2021
COURSE TOTAL:,1,2,2,0,0,5.0,2.8,0.0,0.0,0.0,0.0,0.0,5.0,,2021
,20.00%,40.00%,40.00%,0.00%,0.00%,,,,,,,,,,2021
COSC-621-600,0,27,5,0,0,32.0,2.843,0.0,0.0,0.0,0.0,0.0,32.0,MARRARO A,2021
,0.00%,84.38%,15.63%,0.00%,0.00%,,,,,,,,,,2021
COURSE TOTAL:,0,27,5,0,0,32.0,2.843,0.0,0.0,0.0,0.0,0.0,32.0,,2021
,0.00%,84.38%,15.63%,0.00%,0.00%,,,,,,,,,,2021
COSC-622-600,20,6,8,1,0,35.0,3.285,0.0,0.0,0.0,1.0,0.0,36.0,LAVY S,2021
,57.14%,17.14%,22.86%,2.86%,0.00%,,,,,,,,,,2021
COURSE TOTAL:,20,6,8,1,0,35.0,3.285,0.0,0.0,0.0,1.0,0.0,36.0,,2021
,57.14%,17.14%,22.86%,2.86%,0.00%,,,,,,,,,,2021
COSC-624-600,12,25,3,0,0,40.0,3.225,0.0,0.0,0.0,0.0,0.0,40.0,JEONG H,2021
,30.00%,62.50%,7.50%,0.00%,0.00%,,,,,,,,,,2021
COURSE TOTAL:,12,25,3,0,0,40.0,3.225,0.0,0.0,0.0,0.0,0.0,40.0,,2021
,30.00%,62.50%,7.50%,0.00%,0.00%,,,,,,,,,,2021
COSC-628-600,17,14,0,0,0,31.0,3.548,0.0,0.0,0.0,0.0,0.0,31.0,RODGERS W,2021
,54.84%,45.16%,0.00%,0.00%,0.00%,,,,,,,,,,2021
COURSE TOTAL:,17,14,0,0,0,31.0,3.548,0.0,0.0,0.0,0.0,0.0,31.0,,2021
,54.84%,45.16%,0.00%,0.00%,0.00%,,,,,,,,,,2021
COSC-642-600,19,5,0,0,0,24.0,3.791,0.0,0.0,0.0,0.0,0.0,24.0,KANG H,2021
,79.17%,20.83%,0.00%,0.00%,0.00%,,,,,,,,,,2021
COURSE TOTAL:,19,5,0,0,0,24.0,3.791,0.0,0.0,0.0,0.0,0.0,24.0,,2021
,79.17%,20.83%,0.00%,0.00%,0.00%,,,,,,,,,,2021
COSC-663-600,19,5,1,0,0,25.0,3.72,0.0,0.0,0.0,0.0,0.0,25.0,RYBKOWSKI Z,2021
,76.00%,20.00%,4.00%,0.00%,0.00%,,,,,,,,,,2021
COURSE TOTAL:,19,5,1,0,0,25.0,3.72,0.0,0.0,0.0,0.0,0.0,25.0,,2021
,76.00%,20.00%,4.00%,0.00%,0.00%,,,,,,,,,,2021
COSC-685-607,13,0,0,0,0,13.0,4.0,0.0,0.0,0.0,0.0,0.0,13.0,LEWIS P,2021
,100.00%,0.00%,0.00%,0.00%,0.00%,,,,,,,,,,2021
COURSE TOTAL:,13,0,0,0,0,13.0,4.0,0.0,0.0,0.0,0.0,0.0,13.0,,2021
,100.00%,0.00%,0.00%,0.00%,0.00%,,,,,,,,,,2021
DEPARTMENT TOTAL:,2179,1468,610,79,47,4383.0,3.275,7.0,0.0,0.0,82.0,0.0,4472.0,,2021
,49.71%,33.49%,13.92%,1.80%,1.07%,,,,,,,,,,2021
LAND-111-501,8,11,0,1,0,20.0,3.3,0.0,0.0,0.0,4.0,0.0,24.0,REID R,2021
,40.00%,55.00%,0.00%,5.00%,0.00%,,,,,,,,,,2021
LAND-111-502,8,9,3,0,1,21.0,3.095,0.0,0.0,0.0,2.0,0.0,23.0,REID R,2021
,38.10%,42.86%,14.29%,0.00%,4.76%,,,,,,,,,,2021
COURSE TOTAL:,16,20,3,1,1,41.0,3.195,0.0,0.0,0.0,6.0,0.0,47.0,,2021
,39.02%,48.78%,7.32%,2.44%,2.44%,,,,,,,,,,2021
LAND-211-501,2,7,3,0,0,12.0,2.916,0.0,0.0,0.0,1.0,0.0,13.0,HUANG C,2021
,16.67%,58.33%,25.00%,0.00%,0.00%,,,,,,,,,,2021
LAND-211-502,8,3,3,0,0,14.0,3.357,0.0,0.0,0.0,0.0,0.0,14.0,HUANG C,2021
,57.14%,21.43%,21.43%,0.00%,0.00%,,,,,,,,,,2021
COURSE TOTAL:,10,10,6,0,0,26.0,3.153,0.0,0.0,0.0,1.0,0.0,27.0,,2021
,38.46%,38.46%,23.08%,0.00%,0.00%,,,,,,,,,,2021
LAND-231-501,1,9,4,0,0,14.0,2.785,0.0,0.0,0.0,0.0,0.0,14.0,SONG Y,2021
,7.14%,64.29%,28.57%,0.00%,0.00%,,,,,,,,,,2021
LAND-231-502,5,6,3,0,0,14.0,3.142,0.0,0.0,0.0,0.0,0.0,14.0,SONG Y,2021
,35.71%,42.86%,21.43%,0.00%,0.00%,,,,,,,,,,2021
COURSE TOTAL:,6,15,7,0,0,28.0,2.964,0.0,0.0,0.0,0.0,0.0,28.0,,2021
,21.43%,53.57%,25.00%,0.00%,0.00%,,,,,,,,,,2021
LAND-240-500,45,14,8,2,1,70.0,3.428,0.0,0.0,0.0,0.0,0.0,70.0,PAP M,2021
,64.29%,20.00%,11.43%,2.86%,1.43%,,,,,,,,,,2021
LAND-240-501,39,15,2,1,1,58.0,3.551,0.0,0.0,0.0,4.0,0.0,62.0,PAP M,2021
,67.24%,25.86%,3.45%,1.72%,1.72%,,,,,,,,,,2021
LAND-240-700,126,33,11,1,3,174.0,3.597,0.0,0.0,0.0,1.0,0.0,175.0,NEWMAN G,2021
,72.41%,18.97%,6.32%,0.57%,1.72%,,,,,,,,,,2021
COURSE TOTAL:,210,62,21,4,5,302.0,3.549,0.0,0.0,0.0,5.0,0.0,307.0,,2021
,69.54%,20.53%,6.95%,1.32%,1.66%,,,,,,,,,,2021
LAND-301-900,6,9,4,0,0,19.0,3.105,0.0,0.0,0.0,0.0,0.0,19.0,WINSLOW J,2021
,31.58%,47.37%,21.05%,0.00%,0.00%,,,,,,,,,,2021
COURSE TOTAL:,6,9,4,0,0,19.0,3.105,0.0,0.0,0.0,0.0,0.0,19.0,,2021
,31.58%,47.37%,21.05%,0.00%,0.00%,,,,,,,,,,2021
LAND-311-501,8,2,0,0,0,10.0,3.8,0.0,0.0,0.0,0.0,0.0,10.0,LI D,2021
,80.00%,20.00%,0.00%,0.00%,0.00%,,,,,,,,,,2021
LAND-311-502,6,3,0,0,0,9.0,3.666,0.0,0.0,0.0,0.0,0.0,9.0,LI D,2021
,66.67%,33.33%,0.00%,0.00%,0.00%,,,,,,,,,,2021
COURSE TOTAL:,14,5,0,0,0,19.0,3.736,0.0,0.0,0.0,0.0,0.0,19.0,,2021
,73.68%,26.32%,0.00%,0.00%,0.00%,,,,,,,,,,2021
LAND-494-550,22,0,0,0,0,22.0,4.0,0.0,0.0,0.0,0.0,0.0,22.0,HURST K,2021
,100.00%,0.00%,0.00%,0.00%,0.00%,,,,,,,,,,2021
COURSE TOTAL:,22,0,0,0,0,22.0,4.0,0.0,0.0,0.0,0.0,0.0,22.0,,2021
,100.00%,0.00%,0.00%,0.00%,0.00%,,,,,,,,,,2021
LAND-601-600,9,2,0,0,0,11.0,3.818,0.0,0.0,0.0,0.0,0.0,11.0,LEE S,2021
,81.82%,18.18%,0.00%,0.00%,0.00%,,,,,,,,,,2021
COURSE TOTAL:,9,2,0,0,0,11.0,3.818,0.0,0.0,0.0,0.0,0.0,11.0,,2021
,81.82%,18.18%,0.00%,0.00%,0.00%,,,,,,,,,,2021
LAND-612-600,4,7,0,0,0,11.0,3.363,0.0,0.0,0.0,0.0,0.0,11.0,SONG Y,2021
,36.36%,63.64%,0.00%,0.00%,0.00%,,,,,,,,,,2021
COURSE TOTAL:,4,7,0,0,0,11.0,3.363,0.0,0.0,0.0,0.0,0.0,11.0,,2021
,36.36%,63.64%,0.00%,0.00%,0.00%,,,,,,,,,,2021
LAND-620-600,0,4,1,0,0,5.0,2.8,0.0,0.0,0.0,0.0,0.0,5.0,DVORAK B,2021
,0.00%,80.00%,20.00%,0.00%,0.00%,,,,,,,,,,2021
COURSE TOTAL:,0,4,1,0,0,5.0,2.8,0.0,0.0,0.0,0.0,0.0,5.0,,2021
,0.00%,80.00%,20.00%,0.00%,0.00%,,,,,,,,,,2021
LAND-630-600,9,0,0,0,0,9.0,4.0,0.0,0.0,0.0,0.0,0.0,9.0,PAP M,2021
,100.00%,0.00%,0.00%,0.00%,0.00%,,,,,,,,,,2021
COURSE TOTAL:,9,0,0,0,0,9.0,4.0,0.0,0.0,0.0,0.0,0.0,9.0,,2021
,100.00%,0.00%,0.00%,0.00%,0.00%,,,,,,,,,,2021
LAND-645-600,10,0,0,0,0,10.0,4.0,0.0,0.0,0.0,0.0,0.0,10.0,RISING H,2021
,100.00%,0.00%,0.00%,0.00%,0.00%,,,,,,,,,,2021
COURSE TOTAL:,10,0,0,0,0,10.0,4.0,0.0,0.0,0.0,0.0,0.0,10.0,,2021
,100.00%,0.00%,0.00%,0.00%,0.00%,,,,,,,,,,2021
LAND-655-600,11,0,0,0,0,11.0,4.0,0.0,0.0,0.0,0.0,0.0,11.0,REID R,2021
,100.00%,0.00%,0.00%,0.00%,0.00%,,,,,,,,,,2021
COURSE TOTAL:,11,0,0,0,0,11.0,4.0,0.0,0.0,0.0,0.0,0.0,11.0,,2021
,100.00%,0.00%,0.00%,0.00%,0.00%,,,,,,,,,,2021
LDEV-651-600,4,16,1,0,0,21.0,3.142,0.0,0.0,0.0,0.0,0.0,21.0,CLARK J,2021
,19.05%,76.19%,4.76%,0.00%,0.00%,,,,,,,,,,2021
COURSE TOTAL:,4,16,1,0,0,21.0,3.142,0.0,0.0,0.0,0.0,0.0,21.0,,2021
,19.05%,76.19%,4.76%,0.00%,0.00%,,,,,,,,,,2021
LDEV-663-600,19,10,0,0,0,29.0,3.655,0.0,0.0,0.0,0.0,0.0,29.0,EARLY T,2021
,65.52%,34.48%,0.00%,0.00%,0.00%,,,,,,,,,,2021
COURSE TOTAL:,19,10,0,0,0,29.0,3.655,0.0,0.0,0.0,0.0,0.0,29.0,,2021
,65.52%,34.48%,0.00%,0.00%,0.00%,,,,,,,,,,2021
LDEV-664-600,25,20,6,1,0,52.0,3.326,0.0,0.0,0.0,1.0,0.0,53.0,PETERSON J,2021
,48.08%,38.46%,11.54%,1.92%,0.00%,,,,,,,,,,2021
LDEV-664-700,1,4,2,0,0,7.0,2.857,0.0,0.0,0.0,0.0,0.0,7.0,PETERSON J,2021
,14.29%,57.14%,28.57%,0.00%,0.00%,,,,,,,,,,2021
COURSE TOTAL:,26,24,8,1,0,59.0,3.271,0.0,0.0,0.0,1.0,0.0,60.0,,2021
,44.07%,40.68%,13.56%,1.69%,0.00%,,,,,,,,,,2021
LDEV-667-601,15,0,0,0,0,15.0,4.0,0.0,0.0,0.0,0.0,0.0,15.0,LEVERETT D,2021
,100.00%,0.00%,0.00%,0.00%,0.00%,,,,,,,,,,2021
LDEV-667-700,5,0,0,0,0,5.0,4.0,0.0,0.0,0.0,0.0,0.0,5.0,LEVERETT D,2021
,100.00%,0.00%,0.00%,0.00%,0.00%,,,,,,,,,,2021
COURSE TOTAL:,20,0,0,0,0,20.0,4.0,0.0,0.0,0.0,0.0,0.0,20.0,,2021
,100.00%,0.00%,0.00%,0.00%,0.00%,,,,,,,,,,2021
LDEV-669-600,15,5,0,0,0,20.0,3.75,0.0,0.0,0.0,0.0,0.0,20.0,EARLY T,2021
,75.00%,25.00%,0.00%,0.00%,0.00%,,,,,,,,,,2021
LDEV-669-700,4,2,0,0,0,6.0,3.666,0.0,0.0,0.0,0.0,0.0,6.0,EARLY T,2021
,66.67%,33.33%,0.00%,0.00%,0.00%,,,,,,,,,,2021
COURSE TOTAL:,19,7,0,0,0,26.0,3.73,0.0,0.0,0.0,0.0,0.0,26.0,,2021
,73.08%,26.92%,0.00%,0.00%,0.00%,,,,,,,,,,2021
LDEV-685-601,18,0,0,0,0,18.0,4.0,0.0,0.0,0.0,0.0,0.0,18.0,EARLY T,2021
,100.00%,0.00%,0.00%,0.00%,0.00%,,,,,,,,,,2021
COURSE TOTAL:,18,0,0,0,0,18.0,4.0,0.0,0.0,0.0,0.0,0.0,18.0,,2021
,100.00%,0.00%,0.00%,0.00%,0.00%,,,,,,,,,,2021
LDEV-687-601,14,6,0,0,0,20.0,3.7,0.0,0.0,0.0,0.0,0.0,20.0,NOH Y,2021
,70.00%,30.00%,0.00%,0.00%,0.00%,,,,,,,,,,2021
LDEV-687-700,3,3,0,0,0,6.0,3.5,0.0,0.0,0.0,0.0,0.0,6.0,NOH Y,2021
,50.00%,50.00%,0.00%,0.00%,0.00%,,,,,,,,,,2021
COURSE TOTAL:,17,9,0,0,0,26.0,3.653,0.0,0.0,0.0,0.0,0.0,26.0,,2021
,65.38%,34.62%,0.00%,0.00%,0.00%,,,,,,,,,,2021
LDEV-688-600,21,0,0,0,0,21.0,4.0,0.0,0.0,0.0,0.0,0.0,21.0,EARLY T,2021
,100.00%,0.00%,0.00%,0.00%,0.00%,,,,,,,,,,2021
COURSE TOTAL:,21,0,0,0,0,21.0,4.0,0.0,0.0,0.0,0.0,0.0,21.0,,2021
,100.00%,0.00%,0.00%,0.00%,0.00%,,,,,,,,,,2021
PLAN-604-600,16,2,1,0,0,19.0,3.789,0.0,0.0,0.0,0.0,0.0,19.0,ROSENHEIM N,2021
,84.21%,10.53%,5.26%,0.00%,0.00%,,,,,,,,,,2021
COURSE TOTAL:,16,2,1,0,0,19.0,3.789,0.0,0.0,0.0,0.0,0.0,19.0,,2021
,84.21%,10.53%,5.26%,0.00%,0.00%,,,,,,,,,,2021
PLAN-610-600,13,4,2,0,0,19.0,3.578,1.0,0.0,0.0,0.0,0.0,20.0,RUMBACH A,2021
,68.42%,21.05%,10.53%,0.00%,0.00%,,,,,,,,,,2021
COURSE TOTAL:,13,4,2,0,0,19.0,3.578,1.0,0.0,0.0,0.0,0.0,20.0,,2021
,68.42%,21.05%,10.53%,0.00%,0.00%,,,,,,,,,,2021
PLAN-612-600,8,1,0,0,0,9.0,3.888,0.0,0.0,0.0,0.0,0.0,9.0,WEI L,2021
,88.89%,11.11%,0.00%,0.00%,0.00%,,,,,,,,,,2021
COURSE TOTAL:,8,1,0,0,0,9.0,3.888,0.0,0.0,0.0,0.0,0.0,9.0,,2021
,88.89%,11.11%,0.00%,0.00%,0.00%,,,,,,,,,,2021
PLAN-624-600,5,2,0,0,0,7.0,3.714,0.0,0.0,0.0,0.0,0.0,7.0,SAMADI S,2021
,71.43%,28.57%,0.00%,0.00%,0.00%,,,,,,,,,,2021
COURSE TOTAL:,5,2,0,0,0,7.0,3.714,0.0,0.0,0.0,0.0,0.0,7.0,,2021
,71.43%,28.57%,0.00%,0.00%,0.00%,,,,,,,,,,2021
PLAN-625-600,12,1,0,0,0,13.0,3.923,0.0,0.0,0.0,1.0,0.0,14.0,WUNNEBURGER D,2021
,92.31%,7.69%,0.00%,0.00%,0.00%,,,,,,,,,,2021
PLAN-625-700,7,2,0,0,0,9.0,3.777,0.0,0.0,0.0,0.0,0.0,9.0,WUNNEBURGER D,2021
,77.78%,22.22%,0.00%,0.00%,0.00%,,,,,,,,,,2021
COURSE TOTAL:,19,3,0,0,0,22.0,3.863,0.0,0.0,0.0,1.0,0.0,23.0,,2021
,86.36%,13.64%,0.00%,0.00%,0.00%,,,,,,,,,,2021
PLAN-627-600,5,0,0,0,0,5.0,4.0,0.0,0.0,0.0,0.0,0.0,5.0,GOLBABAI J,2021
,100.00%,0.00%,0.00%,0.00%,0.00%,,,,,,,,,,2021
COURSE TOTAL:,5,0,0,0,0,5.0,4.0,0.0,0.0,0.0,0.0,0.0,5.0,,2021
,100.00%,0.00%,0.00%,0.00%,0.00%,,,,,,,,,,2021
PLAN-641-600,11,3,0,0,0,14.0,3.785,0.0,0.0,0.0,0.0,0.0,14.0,MALECHA M,2021
,78.57%,21.43%,0.00%,0.00%,0.00%,,,,,,,,,,2021
COURSE TOTAL:,11,3,0,0,0,14.0,3.785,0.0,0.0,0.0,0.0,0.0,14.0,,2021
,78.57%,21.43%,0.00%,0.00%,0.00%,,,,,,,,,,2021
PLAN-661-600,25,1,0,0,0,26.0,3.961,0.0,0.0,0.0,0.0,0.0,26.0,GOLBABAI J,2021
,96.15%,3.85%,0.00%,0.00%,0.00%,,,,,,,,,,2021
COURSE TOTAL:,25,1,0,0,0,26.0,3.961,0.0,0.0,0.0,0.0,0.0,26.0,,2021
,96.15%,3.85%,0.00%,0.00%,0.00%,,,,,,,,,,2021
PLAN-664-600,17,2,0,0,0,19.0,3.894,0.0,0.0,0.0,0.0,0.0,19.0,ROBERTS A,2021
,89.47%,10.53%,0.00%,0.00%,0.00%,,,,,,,,,,2021
COURSE TOTAL:,17,2,0,0,0,19.0,3.894,0.0,0.0,0.0,0.0,0.0,19.0,,2021
,89.47%,10.53%,0.00%,0.00%,0.00%,,,,,,,,,,2021
PLAN-665-600,28,1,0,0,0,29.0,3.965,0.0,0.0,0.0,0.0,0.0,29.0,YU S,2021
,96.55%,3.45%,0.00%,0.00%,0.00%,,,,,,,,,,2021
COURSE TOTAL:,28,1,0,0,0,29.0,3.965,0.0,0.0,0.0,0.0,0.0,29.0,,2021
,96.55%,3.45%,0.00%,0.00%,0.00%,,,,,,,,,,2021
PLAN-689-600,8,2,0,0,0,10.0,3.8,0.0,0.0,0.0,0.0,0.0,10.0,MEYER M,2021
,80.00%,20.00%,0.00%,0.00%,0.00%,,,,,,,,,,2021
COURSE TOTAL:,8,2,0,0,0,10.0,3.8,0.0,0.0,0.0,0.0,0.0,10.0,,2021
,80.00%,20.00%,0.00%,0.00%,0.00%,,,,,,,,,,2021
URPN-201-500,42,14,7,3,1,67.0,3.388,0.0,0.0,0.0,0.0,0.0,67.0,DIXIT M,2021
,62.69%,20.90%,10.45%,4.48%,1.49%,,,,,,,,,,2021
URPN-201-502,22,6,3,1,1,33.0,3.424,0.0,0.0,0.0,0.0,0.0,33.0,WILKINS C,2021
,66.67%,18.18%,9.09%,3.03%,3.03%,,,,,,,,,,2021
URPN-201-700,89,7,5,1,1,103.0,3.766,0.0,0.0,0.0,0.0,0.0,103.0,ABUABARA A,2021
,86.41%,6.80%,4.85%,0.97%,0.97%,,,,,,,,,,2021
COURSE TOTAL:,153,27,15,5,3,203.0,3.586,0.0,0.0,0.0,0.0,0.0,203.0,,2021
,75.37%,13.30%,7.39%,2.46%,1.48%,,,,,,,,,,2021
URPN-202-501,15,16,4,0,0,35.0,3.314,0.0,0.0,0.0,0.0,0.0,35.0,DAVIS D,2021
,42.86%,45.71%,11.43%,0.00%,0.00%,,,,,,,,,,2021
URPN-202-700,31,11,6,1,0,49.0,3.469,0.0,0.0,0.0,0.0,0.0,49.0,CAMPAGNOL G,2021
,63.27%,22.45%,12.24%,2.04%,0.00%,,,,,,,,,,2021
URPN-202-701,20,22,1,2,1,46.0,3.26,1.0,0.0,0.0,1.0,0.0,48.0,CAMPAGNOL G,2021
,43.48%,47.83%,2.17%,4.35%,2.17%,,,,,,,,,,2021
URPN-202-900,14,6,2,1,1,24.0,3.291,0.0,0.0,0.0,1.0,0.0,25.0,MARTIN J,2021
,58.33%,25.00%,8.33%,4.17%,4.17%,,,,,,,,,,2021
URPN-202-901,19,4,1,0,0,24.0,3.75,0.0,0.0,0.0,1.0,0.0,25.0,GOLBABAI J,2021
,79.17%,16.67%,4.17%,0.00%,0.00%,,,,,,,,,,2021
COURSE TOTAL:,99,59,14,4,2,178.0,3.398,1.0,0.0,0.0,3.0,0.0,182.0,,2021
,55.62%,33.15%,7.87%,2.25%,1.12%,,,,,,,,,,2021
URPN-210-500,11,6,1,0,1,19.0,3.368,0.0,0.0,0.0,0.0,0.0,19.0,ABUABARA A,2021
,57.89%,31.58%,5.26%,0.00%,5.26%,,,,,,,,,,2021
COURSE TOTAL:,11,6,1,0,1,19.0,3.368,0.0,0.0,0.0,0.0,0.0,19.0,,2021
,57.89%,31.58%,5.26%,0.00%,5.26%,,,,,,,,,,2021
URPN-220-500,31,7,1,0,2,41.0,3.585,0.0,0.0,0.0,0.0,0.0,41.0,SAMADI S,2021
,75.61%,17.07%,2.44%,0.00%,4.88%,,,,,,,,,,2021
URPN-220-501,18,11,0,0,1,30.0,3.5,0.0,0.0,0.0,6.0,0.0,36.0,CALVESBERT T,2021
,60.00%,36.67%,0.00%,0.00%,3.33%,,,,,,,,,,2021
URPN-220-700,15,3,0,1,0,19.0,3.684,1.0,0.0,0.0,0.0,0.0,20.0,NOH Y,2021
,78.95%,15.79%,0.00%,5.26%,0.00%,,,,,,,,,,2021
COURSE TOTAL:,64,21,1,1,3,90.0,3.577,1.0,0.0,0.0,6.0,0.0,97.0,,2021
,71.11%,23.33%,1.11%,1.11%,3.33%,,,,,,,,,,2021
URPN-310-500,13,1,2,0,0,16.0,3.687,0.0,0.0,0.0,0.0,0.0,16.0,PAP M,2021
,81.25%,6.25%,12.50%,0.00%,0.00%,,,,,,,,,,2021
COURSE TOTAL:,13,1,2,0,0,16.0,3.687,0.0,0.0,0.0,0.0,0.0,16.0,,2021
,81.25%,6.25%,12.50%,0.00%,0.00%,,,,,,,,,,2021
URPN-320-500,8,7,1,0,0,16.0,3.437,0.0,0.0,0.0,0.0,0.0,16.0,REN D,2021
,50.00%,43.75%,6.25%,0.00%,0.00%,,,,,,,,,,2021
COURSE TOTAL:,8,7,1,0,0,16.0,3.437,0.0,0.0,0.0,0.0,0.0,16.0,,2021
,50.00%,43.75%,6.25%,0.00%,0.00%,,,,,,,,,,2021
URPN-325-500,13,4,1,0,0,18.0,3.666,1.0,0.0,0.0,2.0,0.0,21.0,WUNNEBURGER D,2021
,72.22%,22.22%,5.56%,0.00%,0.00%,,,,,,,,,,2021
URPN-325-501,5,1,0,0,0,6.0,3.833,0.0,0.0,0.0,1.0,0.0,7.0,SONG Y,2021
,83.33%,16.67%,0.00%,0.00%,0.00%,,,,,,,,,,2021
URPN-325-700,6,1,4,0,4,15.0,2.333,0.0,0.0,0.0,2.0,0.0,17.0,WUNNEBURGER D,2021
,40.00%,6.67%,26.67%,0.00%,26.67%,,,,,,,,,,2021
COURSE TOTAL:,24,6,5,0,4,39.0,3.179,1.0,0.0,0.0,5.0,0.0,45.0,,2021
,61.54%,15.38%,12.82%,0.00%,10.26%,,,,,,,,,,2021
URPN-330-900,13,16,1,1,0,31.0,3.322,0.0,0.0,0.0,0.0,0.0,31.0,NOH Y,2021
,41.94%,51.61%,3.23%,3.23%,0.00%,,,,,,,,,,2021
COURSE TOTAL:,13,16,1,1,0,31.0,3.322,0.0,0.0,0.0,0.0,0.0,31.0,,2021
,41.94%,51.61%,3.23%,3.23%,0.00%,,,,,,,,,,2021
URPN-340-500,13,11,4,0,0,28.0,3.321,1.0,0.0,0.0,0.0,0.0,29.0,MARTIN J,2021
,46.43%,39.29%,14.29%,0.00%,0.00%,,,,,,,,,,2021
COURSE TOTAL:,13,11,4,0,0,28.0,3.321,1.0,0.0,0.0,0.0,0.0,29.0,,2021
,46.43%,39.29%,14.29%,0.00%,0.00%,,,,,,,,,,2021
URPN-360-500,13,2,3,1,0,19.0,3.421,0.0,0.0,0.0,0.0,0.0,19.0,DAVIS D,2021
,68.42%,10.53%,15.79%,5.26%,0.00%,,,,,,,,,,2021
COURSE TOTAL:,13,2,3,1,0,19.0,3.421,0.0,0.0,0.0,0.0,0.0,19.0,,2021
,68.42%,10.53%,15.79%,5.26%,0.00%,,,,,,,,,,2021
URPN-361-500,86,1,1,0,0,88.0,3.965,0.0,0.0,0.0,0.0,0.0,88.0,KIM S,2021
,97.73%,1.14%,1.14%,0.00%,0.00%,,,,,,,,,,2021
URPN-361-700,23,16,8,0,1,48.0,3.25,0.0,0.0,0.0,0.0,0.0,48.0,TRAN T,2021
,47.92%,33.33%,16.67%,0.00%,2.08%,,,,,,,,,,2021
COURSE TOTAL:,109,17,9,0,1,136.0,3.713,0.0,0.0,0.0,0.0,0.0,136.0,,2021
,80.15%,12.50%,6.62%,0.00%,0.74%,,,,,,,,,,2021
URPN-369-500,10,0,1,0,0,11.0,3.818,0.0,0.0,0.0,1.0,0.0,12.0,WU K,2021
,90.91%,0.00%,9.09%,0.00%,0.00%,,,,,,,,,,2021
COURSE TOTAL:,10,0,1,0,0,11.0,3.818,0.0,0.0,0.0,1.0,0.0,12.0,,2021
,90.91%,0.00%,9.09%,0.00%,0.00%,,,,,,,,,,2021
URPN-370-500,94,14,4,3,0,115.0,3.73,1.0,0.0,0.0,0.0,0.0,116.0,LOPEZ M,2021
,81.74%,12.17%,3.48%,2.61%,0.00%,,,,,,,,,,2021
URPN-370-700,132,11,3,1,2,149.0,3.812,0.0,0.0,0.0,0.0,0.0,149.0,NEWTON K,2021
,88.59%,7.38%,2.01%,0.67%,1.34%,,,,,,,,,,2021
URPN-370-M99,10,0,1,1,0,12.0,3.583,0.0,0.0,0.0,0.0,0.0,12.0,NEWTON K,2021
,83.33%,0.00%,8.33%,8.33%,0.00%,,,,,,,,,,2021
COURSE TOTAL:,236,25,8,5,2,276.0,3.768,1.0,0.0,0.0,0.0,0.0,277.0,,2021
,85.51%,9.06%,2.90%,1.81%,0.72%,,,,,,,,,,2021
URPN-420-500,13,5,0,0,0,18.0,3.722,0.0,0.0,0.0,1.0,0.0,19.0,RISING H,2021
,72.22%,27.78%,0.00%,0.00%,0.00%,,,,,,,,,,2021
COURSE TOTAL:,13,5,0,0,0,18.0,3.722,0.0,0.0,0.0,1.0,0.0,19.0,,2021
,72.22%,27.78%,0.00%,0.00%,0.00%,,,,,,,,,,2021
URPN-460-500,10,7,1,0,2,20.0,3.15,0.0,0.0,0.0,2.0,0.0,22.0,ROGERS G,2021
,50.00%,35.00%,5.00%,0.00%,10.00%,,,,,,,,,,2021
URPN-460-501,13,11,2,0,2,28.0,3.178,0.0,0.0,0.0,1.0,0.0,29.0,ROGERS G,2021
,46.43%,39.29%,7.14%,0.00%,7.14%,,,,,,,,,,2021
COURSE TOTAL:,23,18,3,0,4,48.0,3.166,0.0,0.0,0.0,3.0,0.0,51.0,,2021
,47.92%,37.50%,6.25%,0.00%,8.33%,,,,,,,,,,2021
URPN-471-500,3,6,3,1,1,14.0,2.642,0.0,0.0,0.0,0.0,0.0,14.0,WINSLOW J,2021
,21.43%,42.86%,21.43%,7.14%,7.14%,,,,,,,,,,2021
COURSE TOTAL:,3,6,3,1,1,14.0,2.642,0.0,0.0,0.0,0.0,0.0,14.0,,2021
,21.43%,42.86%,21.43%,7.14%,7.14%,,,,,,,,,,2021
URPN-485-502,9,0,0,0,0,9.0,4.0,0.0,0.0,0.0,0.0,0.0,9.0,REID R,2021
,100.00%,0.00%,0.00%,0.00%,0.00%,,,,,,,,,,2021
COURSE TOTAL:,9,0,0,0,0,9.0,4.0,0.0,0.0,0.0,0.0,0.0,9.0,,2021
,100.00%,0.00%,0.00%,0.00%,0.00%,,,,,,,,,,2021
URPN-489-599,13,3,3,1,3,23.0,2.956,0.0,0.0,0.0,0.0,0.0,23.0,COWELL R,2021
,56.52%,13.04%,13.04%,4.35%,13.04%,,,,,,,,,,2021
COURSE TOTAL:,13,3,3,1,3,23.0,2.956,0.0,0.0,0.0,0.0,0.0,23.0,,2021
,56.52%,13.04%,13.04%,4.35%,13.04%,,,,,,,,,,2021
URPN-494-551,17,0,0,0,0,17.0,4.0,2.0,0.0,0.0,0.0,0.0,19.0,WEI L,2021
,100.00%,0.00%,0.00%,0.00%,0.00%,,,,,,,,,,2021
COURSE TOTAL:,17,0,0,0,0,17.0,4.0,2.0,0.0,0.0,0.0,0.0,19.0,,2021
,100.00%,0.00%,0.00%,0.00%,0.00%,,,,,,,,,,2021
URSC-632-600,18,1,0,0,0,19.0,3.947,0.0,0.0,0.0,0.0,0.0,19.0,LEE S,2021
,94.74%,5.26%,0.00%,0.00%,0.00%,,,,,,,,,,2021
COURSE TOTAL:,18,1,0,0,0,19.0,3.947,0.0,0.0,0.0,0.0,0.0,19.0,,2021
,94.74%,5.26%,0.00%,0.00%,0.00%,,,,,,,,,,2021
URSC-641-600,11,0,0,0,0,11.0,4.0,0.0,0.0,0.0,0.0,0.0,11.0,ROGERS G,2021
,100.00%,0.00%,0.00%,0.00%,0.00%,,,,,,,,,,2021
COURSE TOTAL:,11,0,0,0,0,11.0,4.0,0.0,0.0,0.0,0.0,0.0,11.0,,2021
,100.00%,0.00%,0.00%,0.00%,0.00%,,,,,,,,,,2021
URSC-689-600,14,0,0,0,0,14.0,4.0,1.0,0.0,0.0,0.0,0.0,15.0,YE X,2021
,100.00%,0.00%,0.00%,0.00%,0.00%,,,,,,,,,,2021
URSC-689-601,8,0,0,0,0,8.0,4.0,0.0,0.0,0.0,0.0,0.0,8.0,LI D,2021
,100.00%,0.00%,0.00%,0.00%,0.00%,,,,,,,,,,2021
COURSE TOTAL:,22,0,0,0,0,22.0,4.0,1.0,0.0,0.0,0.0,0.0,23.0,,2021
,100.00%,0.00%,0.00%,0.00%,0.00%,,,,,,,,,,2021
DEPARTMENT TOTAL:,1521,452,128,25,30,2156.0,3.583,9.0,0.0,0.0,33.0,0.0,2198.0,,2021
,70.55%,20.96%,5.94%,1.16%,1.39%,,,,,,,,,,2021
ARTS-115-501,33,2,0,0,0,35.0,3.942,0.0,0.0,0.0,0.0,0.0,35.0,PUGH R,2021
,94.29%,5.71%,0.00%,0.00%,0.00%,,,,,,,,,,2021
ARTS-115-502,12,17,4,0,0,33.0,3.242,0.0,0.0,0.0,2.0,0.0,35.0,KOUSTOV D,2021
,36.36%,51.52%,12.12%,0.00%,0.00%,,,,,,,,,,2021
ARTS-115-503,17,15,3,0,1,36.0,3.305,1.0,0.0,0.0,0.0,0.0,37.0,KOUSTOV D,2021
,47.22%,41.67%,8.33%,0.00%,2.78%,,,,,,,,,,2021
COURSE TOTAL:,62,34,7,0,1,104.0,3.5,1.0,0.0,0.0,2.0,0.0,107.0,,2021
,59.62%,32.69%,6.73%,0.00%,0.96%,,,,,,,,,,2021
ARTS-149-200,6,2,0,0,0,8.0,3.75,0.0,0.0,0.0,0.0,0.0,8.0,SUTHERLAND S,2021
,75.00%,25.00%,0.00%,0.00%,0.00%,,,,,,,,,,2021
ARTS-149-500,115,50,9,3,3,180.0,3.505,0.0,0.0,0.0,4.0,0.0,184.0,SUTHERLAND S,2021
,63.89%,27.78%,5.00%,1.67%,1.67%,,,,,,,,,,2021
ARTS-149-501,11,1,0,0,0,12.0,3.916,0.0,0.0,0.0,0.0,0.0,12.0,SUTHERLAND S,2021
,91.67%,8.33%,0.00%,0.00%,0.00%,,,,,,,,,,2021
ARTS-149-701,42,17,5,3,0,67.0,3.462,0.0,0.0,0.0,2.0,0.0,69.0,SUTHERLAND S,2021
,62.69%,25.37%,7.46%,4.48%,0.00%,,,,,,,,,,2021
ARTS-149-702,42,20,4,0,1,67.0,3.522,0.0,0.0,0.0,3.0,0.0,70.0,SUTHERLAND S,2021
,62.69%,29.85%,5.97%,0.00%,1.49%,,,,,,,,,,2021
COURSE TOTAL:,216,90,18,6,4,334.0,3.52,0.0,0.0,0.0,9.0,0.0,343.0,,2021
,64.67%,26.95%,5.39%,1.80%,1.20%,,,,,,,,,,2021
ARTS-150-200,5,2,0,0,0,7.0,3.714,0.0,0.0,0.0,0.0,0.0,7.0,UCHACZ T,2021
,71.43%,28.57%,0.00%,0.00%,0.00%,,,,,,,,,,2021
ARTS-150-501,2,4,1,0,0,7.0,3.142,0.0,0.0,0.0,1.0,0.0,8.0,UCHACZ T,2021
,28.57%,57.14%,14.29%,0.00%,0.00%,,,,,,,,,,2021
ARTS-150-502,39,34,24,8,4,109.0,2.88,0.0,0.0,0.0,13.0,0.0,122.0,UCHACZ T,2021
,35.78%,31.19%,22.02%,7.34%,3.67%,,,,,,,,,,2021
ARTS-150-700,43,16,2,0,0,61.0,3.672,0.0,0.0,0.0,2.0,0.0,63.0,CARLETTI S,2021
,70.49%,26.23%,3.28%,0.00%,0.00%,,,,,,,,,,2021
ARTS-150-701,29,24,5,0,1,59.0,3.355,0.0,0.0,0.0,11.0,0.0,70.0,LEIDERMAN D,2021
,49.15%,40.68%,8.47%,0.00%,1.69%,,,,,,,,,,2021
ARTS-150-702,24,13,5,0,0,42.0,3.452,0.0,0.0,0.0,6.0,0.0,48.0,UCHACZ T,2021
,57.14%,30.95%,11.90%,0.00%,0.00%,,,,,,,,,,2021
ARTS-150-703,18,8,1,1,2,30.0,3.3,0.0,0.0,0.0,7.0,0.0,37.0,LEIDERMAN D,2021
,60.00%,26.67%,3.33%,3.33%,6.67%,,,,,,,,,,2021
ARTS-150-704,31,16,3,3,0,53.0,3.415,0.0,0.0,0.0,3.0,0.0,56.0,SUTHERLAND S,2021
,58.49%,30.19%,5.66%,5.66%,0.00%,,,,,,,,,,2021
ARTS-150-705,14,2,1,0,0,17.0,3.764,0.0,0.0,0.0,1.0,0.0,18.0,CARLETTI S,2021
,82.35%,11.76%,5.88%,0.00%,0.00%,,,,,,,,,,2021
COURSE TOTAL:,205,119,42,12,7,385.0,3.306,0.0,0.0,0.0,44.0,0.0,429.0,,2021
,53.25%,30.91%,10.91%,3.12%,1.82%,,,,,,,,,,2021
ARTS-210-700,17,16,2,0,1,36.0,3.333,0.0,0.0,0.0,3.0,0.0,39.0,EILERS H,2021
,47.22%,44.44%,5.56%,0.00%,2.78%,,,,,,,,,,2021
COURSE TOTAL:,17,16,2,0,1,36.0,3.333,0.0,0.0,0.0,3.0,0.0,39.0,,2021
,47.22%,44.44%,5.56%,0.00%,2.78%,,,,,,,,,,2021
ARTS-212-501,12,11,0,0,0,23.0,3.521,0.0,0.0,0.0,1.0,0.0,24.0,WOODFIN S,2021
,52.17%,47.83%,0.00%,0.00%,0.00%,,,,,,,,,,2021
ARTS-212-502,13,12,3,0,0,28.0,3.357,0.0,0.0,0.0,0.0,0.0,28.0,KOUSTOV D,2021
,46.43%,42.86%,10.71%,0.00%,0.00%,,,,,,,,,,2021
COURSE TOTAL:,25,23,3,0,0,51.0,3.431,0.0,0.0,0.0,1.0,0.0,52.0,,2021
,49.02%,45.10%,5.88%,0.00%,0.00%,,,,,,,,,,2021
ARTS-303-701,15,9,3,0,1,28.0,3.321,0.0,0.0,0.0,0.0,0.0,28.0,HONEYCUTT A,2021
,53.57%,32.14%,10.71%,0.00%,3.57%,,,,,,,,,,2021
ARTS-303-702,20,8,0,0,1,29.0,3.586,0.0,0.0,0.0,0.0,0.0,29.0,HONEYCUTT A,2021
,68.97%,27.59%,0.00%,0.00%,3.45%,,,,,,,,,,2021
COURSE TOTAL:,35,17,3,0,2,57.0,3.456,0.0,0.0,0.0,0.0,0.0,57.0,,2021
,61.40%,29.82%,5.26%,0.00%,3.51%,,,,,,,,,,2021
ARTS-304-500,18,4,1,0,0,23.0,3.739,1.0,0.0,0.0,0.0,0.0,24.0,BOLOGAN A,2021
,78.26%,17.39%,4.35%,0.00%,0.00%,,,,,,,,,,2021
COURSE TOTAL:,18,4,1,0,0,23.0,3.739,1.0,0.0,0.0,0.0,0.0,24.0,,2021
,78.26%,17.39%,4.35%,0.00%,0.00%,,,,,,,,,,2021
ARTS-305-501,9,10,0,0,0,19.0,3.473,0.0,0.0,0.0,1.0,0.0,20.0,HOUSE F,2021
,47.37%,52.63%,0.00%,0.00%,0.00%,,,,,,,,,,2021
ARTS-305-502,6,12,1,0,0,19.0,3.263,1.0,0.0,0.0,0.0,0.0,20.0,HOUSE F,2021
,31.58%,63.16%,5.26%,0.00%,0.00%,,,,,,,,,,2021
COURSE TOTAL:,15,22,1,0,0,38.0,3.368,1.0,0.0,0.0,1.0,0.0,40.0,,2021
,39.47%,57.89%,2.63%,0.00%,0.00%,,,,,,,,,,2021
ARTS-308-500,8,4,0,0,0,12.0,3.666,0.0,0.0,0.0,0.0,0.0,12.0,GAYK M,2021
,66.67%,33.33%,0.00%,0.00%,0.00%,,,,,,,,,,2021
COURSE TOTAL:,8,4,0,0,0,12.0,3.666,0.0,0.0,0.0,0.0,0.0,12.0,,2021
,66.67%,33.33%,0.00%,0.00%,0.00%,,,,,,,,,,2021
ARTS-315-500,17,0,0,0,0,17.0,4.0,0.0,0.0,0.0,1.0,0.0,18.0,WOODFIN S,2021
,100.00%,0.00%,0.00%,0.00%,0.00%,,,,,,,,,,2021
COURSE TOTAL:,17,0,0,0,0,17.0,4.0,0.0,0.0,0.0,1.0,0.0,18.0,,2021
,100.00%,0.00%,0.00%,0.00%,0.00%,,,,,,,,,,2021
ARTS-325-700,17,4,1,0,2,24.0,3.416,0.0,0.0,0.0,4.0,0.0,28.0,WOODFIN S,2021
,70.83%,16.67%,4.17%,0.00%,8.33%,,,,,,,,,,2021
COURSE TOTAL:,17,4,1,0,2,24.0,3.416,0.0,0.0,0.0,4.0,0.0,28.0,,2021
,70.83%,16.67%,4.17%,0.00%,8.33%,,,,,,,,,,2021
ARTS-349-501,10,0,1,0,0,11.0,3.818,0.0,0.0,0.0,0.0,0.0,11.0,CARLETTI S,2021
,90.91%,0.00%,9.09%,0.00%,0.00%,,,,,,,,,,2021
ARTS-349-502,21,4,0,0,0,25.0,3.84,0.0,0.0,0.0,2.0,0.0,27.0,CARLETTI S,2021
,84.00%,16.00%,0.00%,0.00%,0.00%,,,,,,,,,,2021
ARTS-349-700,26,16,13,1,5,61.0,2.934,0.0,0.0,0.0,7.0,0.0,68.0,SCHULD D,2021
,42.62%,26.23%,21.31%,1.64%,8.20%,,,,,,,,,,2021
COURSE TOTAL:,57,20,14,1,5,97.0,3.268,0.0,0.0,0.0,9.0,0.0,106.0,,2021
,58.76%,20.62%,14.43%,1.03%,5.15%,,,,,,,,,,2021
ARTS-353-500,16,1,0,0,0,17.0,3.941,0.0,0.0,0.0,1.0,0.0,18.0,PUGH R,2021
,94.12%,5.88%,0.00%,0.00%,0.00%,,,,,,,,,,2021
COURSE TOTAL:,16,1,0,0,0,17.0,3.941,0.0,0.0,0.0,1.0,0.0,18.0,,2021
,94.12%,5.88%,0.00%,0.00%,0.00%,,,,,,,,,,2021
VIST-105-501,21,14,0,0,0,35.0,3.6,0.0,0.0,0.0,0.0,0.0,35.0,FINCH K,2021
,60.00%,40.00%,0.00%,0.00%,0.00%,,,,,,,,,,2021
VIST-105-502,16,16,3,0,0,35.0,3.371,0.0,0.0,0.0,1.0,0.0,36.0,STARRETT C,2021
,45.71%,45.71%,8.57%,0.00%,0.00%,,,,,,,,,,2021
VIST-105-503,19,10,3,0,1,33.0,3.393,0.0,0.0,0.0,0.0,0.0,33.0,FINCH K,2021
,57.58%,30.30%,9.09%,0.00%,3.03%,,,,,,,,,,2021
COURSE TOTAL:,56,40,6,0,1,103.0,3.456,0.0,0.0,0.0,1.0,0.0,104.0,,2021
,54.37%,38.83%,5.83%,0.00%,0.97%,,,,,,,,,,2021
VIST-131-500,90,8,4,0,3,105.0,3.733,0.0,0.0,0.0,2.0,0.0,107.0,KLEIN B,2021
,85.71%,7.62%,3.81%,0.00%,2.86%,,,,,,,,,,2021
COURSE TOTAL:,90,8,4,0,3,105.0,3.733,0.0,0.0,0.0,2.0,0.0,107.0,,2021
,85.71%,7.62%,3.81%,0.00%,2.86%,,,,,,,,,,2021
VIST-170-501,21,9,0,0,0,30.0,3.7,0.0,0.0,0.0,1.0,0.0,31.0,MCNAMARA A,2021
,70.00%,30.00%,0.00%,0.00%,0.00%,,,,,,,,,,2021
VIST-170-502,23,7,2,2,2,36.0,3.305,0.0,0.0,0.0,1.0,0.0,37.0,MCNAMARA A,2021
,63.89%,19.44%,5.56%,5.56%,5.56%,,,,,,,,,,2021
VIST-170-503,23,9,1,1,0,34.0,3.588,0.0,0.0,0.0,0.0,0.0,34.0,MCNAMARA A,2021
,67.65%,26.47%,2.94%,2.94%,0.00%,,,,,,,,,,2021
COURSE TOTAL:,67,25,3,3,2,100.0,3.52,0.0,0.0,0.0,2.0,0.0,102.0,,2021
,67.00%,25.00%,3.00%,3.00%,2.00%,,,,,,,,,,2021
VIST-205-502,19,4,0,0,0,23.0,3.826,0.0,0.0,0.0,0.0,0.0,23.0,RAMADAN H,2021
,82.61%,17.39%,0.00%,0.00%,0.00%,,,,,,,,,,2021
VIST-205-503,36,0,0,0,0,36.0,4.0,0.0,0.0,0.0,0.0,0.0,36.0,ANDREASSON M,2021
,100.00%,0.00%,0.00%,0.00%,0.00%,,,,,,,,,,2021
COURSE TOTAL:,55,4,0,0,0,59.0,3.932,0.0,0.0,0.0,0.0,0.0,59.0,,2021
,93.22%,6.78%,0.00%,0.00%,0.00%,,,,,,,,,,2021
VIST-206-501,7,2,1,0,0,10.0,3.6,0.0,0.0,0.0,0.0,0.0,10.0,BUJNOCH E,2021
,70.00%,20.00%,10.00%,0.00%,0.00%,,,,,,,,,,2021
VIST-206-502,2,2,0,0,1,5.0,2.8,1.0,0.0,0.0,0.0,0.0,6.0,BOLOGAN A,2021
,40.00%,40.00%,0.00%,0.00%,20.00%,,,,,,,,,,2021
VIST-206-503,5,0,0,0,0,5.0,4.0,0.0,0.0,0.0,0.0,0.0,5.0,THOMAS A,2021
,100.00%,0.00%,0.00%,0.00%,0.00%,,,,,,,,,,2021
COURSE TOTAL:,14,4,1,0,1,20.0,3.5,1.0,0.0,0.0,0.0,0.0,21.0,,2021
,70.00%,20.00%,5.00%,0.00%,5.00%,,,,,,,,,,2021
VIST-270-501,8,15,6,0,2,31.0,2.87,0.0,0.0,0.0,3.0,0.0,34.0,HOUSE D,2021
,25.81%,48.39%,19.35%,0.00%,6.45%,,,,,,,,,,2021
VIST-270-502,10,10,8,0,2,30.0,2.866,0.0,0.0,0.0,2.0,0.0,32.0,HOUSE D,2021
,33.33%,33.33%,26.67%,0.00%,6.67%,,,,,,,,,,2021
VIST-270-503,11,13,3,0,1,28.0,3.178,1.0,0.0,0.0,1.0,0.0,30.0,HOUSE D,2021
,39.29%,46.43%,10.71%,0.00%,3.57%,,,,,,,,,,2021
COURSE TOTAL:,29,38,17,0,5,89.0,2.966,1.0,0.0,0.0,6.0,0.0,96.0,,2021
,32.58%,42.70%,19.10%,0.00%,5.62%,,,,,,,,,,2021
VIST-282-501,30,2,1,0,0,33.0,3.878,0.0,0.0,0.0,0.0,0.0,33.0,LEE H,2021
,90.91%,6.06%,3.03%,0.00%,0.00%,,,,,,,,,,2021
VIST-282-502,30,3,1,1,2,37.0,3.567,0.0,0.0,0.0,0.0,0.0,37.0,SMITH K,2021
,81.08%,8.11%,2.70%,2.70%,5.41%,,,,,,,,,,2021
VIST-282-503,21,2,2,0,1,26.0,3.615,0.0,0.0,0.0,0.0,0.0,26.0,SMITH K,2021
,80.77%,7.69%,7.69%,0.00%,3.85%,,,,,,,,,,2021
VIST-282-703,18,2,3,0,1,24.0,3.5,0.0,0.0,0.0,1.0,0.0,25.0,HONEYCUTT A,2021
,75.00%,8.33%,12.50%,0.00%,4.17%,,,,,,,,,,2021
VIST-282-704,9,3,0,0,0,12.0,3.75,0.0,0.0,0.0,0.0,0.0,12.0,HONEYCUTT A,2021
,75.00%,25.00%,0.00%,0.00%,0.00%,,,,,,,,,,2021
COURSE TOTAL:,108,12,7,1,4,132.0,3.659,0.0,0.0,0.0,1.0,0.0,133.0,,2021
,81.82%,9.09%,5.30%,0.76%,3.03%,,,,,,,,,,2021
VIST-283-501,1,2,5,0,1,9.0,2.222,3.0,0.0,0.0,0.0,0.0,12.0,GILLIE A,2021
,11.11%,22.22%,55.56%,0.00%,11.11%,,,,,,,,,,2021
VIST-283-701,4,3,1,1,4,13.0,2.153,0.0,0.0,0.0,1.0,0.0,14.0,RAMADAN H,2021
,30.77%,23.08%,7.69%,7.69%,30.77%,,,,,,,,,,2021
VIST-283-702,3,8,4,0,2,17.0,2.588,0.0,0.0,0.0,7.0,0.0,24.0,ANDREASSON M,2021
,17.65%,47.06%,23.53%,0.00%,11.76%,,,,,,,,,,2021
COURSE TOTAL:,8,13,10,1,7,39.0,2.358,3.0,0.0,0.0,8.0,0.0,50.0,,2021
,20.51%,33.33%,25.64%,2.56%,17.95%,,,,,,,,,,2021
VIST-284-501,11,3,0,0,0,14.0,3.785,2.0,0.0,0.0,1.0,0.0,17.0,GILLIE A,2021
,78.57%,21.43%,0.00%,0.00%,0.00%,,,,,,,,,,2021
VIST-284-700,13,3,1,0,3,20.0,3.15,0.0,0.0,0.0,4.0,0.0,24.0,KLEIN B,2021
,65.00%,15.00%,5.00%,0.00%,15.00%,,,,,,,,,,2021
VIST-284-702,10,8,2,0,2,22.0,3.09,0.0,0.0,0.0,4.0,0.0,26.0,KLEIN B,2021
,45.45%,36.36%,9.09%,0.00%,9.09%,,,,,,,,,,2021
COURSE TOTAL:,34,14,3,0,5,56.0,3.285,2.0,0.0,0.0,9.0,0.0,67.0,,2021
,60.71%,25.00%,5.36%,0.00%,8.93%,,,,,,,,,,2021
VIST-305-501,12,4,1,0,0,17.0,3.647,0.0,0.0,0.0,0.0,0.0,17.0,KICKLIGHTER C,2021
,70.59%,23.53%,5.88%,0.00%,0.00%,,,,,,,,,,2021
VIST-305-502,4,2,0,0,0,6.0,3.666,1.0,0.0,0.0,0.0,0.0,7.0,BOLOGAN A,2021
,66.67%,33.33%,0.00%,0.00%,0.00%,,,,,,,,,,2021
VIST-305-504,3,5,0,0,0,8.0,3.375,0.0,0.0,0.0,0.0,0.0,8.0,WALSH M,2021
,37.50%,62.50%,0.00%,0.00%,0.00%,,,,,,,,,,2021
COURSE TOTAL:,19,11,1,0,0,31.0,3.58,1.0,0.0,0.0,0.0,0.0,32.0,,2021
,61.29%,35.48%,3.23%,0.00%,0.00%,,,,,,,,,,2021
VIST-310-501,13,8,1,1,0,23.0,3.434,0.0,0.0,0.0,0.0,0.0,23.0,VIGUS G,2021
,56.52%,34.78%,4.35%,4.35%,0.00%,,,,,,,,,,2021
COURSE TOTAL:,13,8,1,1,0,23.0,3.434,0.0,0.0,0.0,0.0,0.0,23.0,,2021
,56.52%,34.78%,4.35%,4.35%,0.00%,,,,,,,,,,2021
VIST-339-902,50,11,4,0,1,66.0,3.651,1.0,0.0,0.0,1.0,0.0,68.0,QUEK F,2021
,75.76%,16.67%,6.06%,0.00%,1.52%,,,,,,,,,,2021
COURSE TOTAL:,50,11,4,0,1,66.0,3.651,1.0,0.0,0.0,1.0,0.0,68.0,,2021
,75.76%,16.67%,6.06%,0.00%,1.52%,,,,,,,,,,2021
VIST-357-500,9,8,0,0,0,17.0,3.529,0.0,0.0,0.0,0.0,0.0,17.0,SEO J,2021
,52.94%,47.06%,0.00%,0.00%,0.00%,,,,,,,,,,2021
COURSE TOTAL:,9,8,0,0,0,17.0,3.529,0.0,0.0,0.0,0.0,0.0,17.0,,2021
,52.94%,47.06%,0.00%,0.00%,0.00%,,,,,,,,,,2021
VIST-372-700,15,6,0,0,0,21.0,3.714,0.0,0.0,0.0,0.0,0.0,21.0,THOMAS A,2021
,71.43%,28.57%,0.00%,0.00%,0.00%,,,,,,,,,,2021
COURSE TOTAL:,15,6,0,0,0,21.0,3.714,0.0,0.0,0.0,0.0,0.0,21.0,,2021
,71.43%,28.57%,0.00%,0.00%,0.00%,,,,,,,,,,2021
VIST-405-501,17,2,0,0,0,19.0,3.894,0.0,0.0,0.0,0.0,0.0,19.0,KICKLIGHTER C,2021
,89.47%,10.53%,0.00%,0.00%,0.00%,,,,,,,,,,2021
VIST-405-502,7,2,1,0,0,10.0,3.6,0.0,0.0,0.0,0.0,0.0,10.0,BOLOGAN A,2021
,70.00%,20.00%,10.00%,0.00%,0.00%,,,,,,,,,,2021
VIST-405-504,5,3,1,0,0,9.0,3.444,0.0,0.0,0.0,0.0,0.0,9.0,WALSH M,2021
,55.56%,33.33%,11.11%,0.00%,0.00%,,,,,,,,,,2021
COURSE TOTAL:,29,7,2,0,0,38.0,3.71,0.0,0.0,0.0,0.0,0.0,38.0,,2021
,76.32%,18.42%,5.26%,0.00%,0.00%,,,,,,,,,,2021
VIST-409-500,3,1,1,0,0,5.0,3.4,0.0,0.0,0.0,0.0,0.0,5.0,KLEIN B,2021
,60.00%,20.00%,20.00%,0.00%,0.00%,,,,,,,,,,2021
COURSE TOTAL:,3,1,1,0,0,5.0,3.4,0.0,0.0,0.0,0.0,0.0,5.0,,2021
,60.00%,20.00%,20.00%,0.00%,0.00%,,,,,,,,,,2021
VIST-439-500,34,3,2,0,0,39.0,3.82,0.0,0.0,0.0,0.0,0.0,39.0,GALANTER P,2021
,87.18%,7.69%,5.13%,0.00%,0.00%,,,,,,,,,,2021
COURSE TOTAL:,34,3,2,0,0,39.0,3.82,0.0,0.0,0.0,0.0,0.0,39.0,,2021
,87.18%,7.69%,5.13%,0.00%,0.00%,,,,,,,,,,2021
VIST-441-501,49,16,2,0,1,68.0,3.647,0.0,0.0,0.0,0.0,0.0,68.0,SCHULD D,2021
,72.06%,23.53%,2.94%,0.00%,1.47%,,,,,,,,,,2021
COURSE TOTAL:,49,16,2,0,1,68.0,3.647,0.0,0.0,0.0,0.0,0.0,68.0,,2021
,72.06%,23.53%,2.94%,0.00%,1.47%,,,,,,,,,,2021
VIST-465-500,10,3,0,1,0,14.0,3.571,0.0,0.0,0.0,0.0,0.0,14.0,FINCH K,2021
,71.43%,21.43%,0.00%,7.14%,0.00%,,,,,,,,,,2021
COURSE TOTAL:,10,3,0,1,0,14.0,3.571,0.0,0.0,0.0,0.0,0.0,14.0,,2021
,71.43%,21.43%,0.00%,7.14%,0.00%,,,,,,,,,,2021
VIST-474-700,17,10,0,0,0,27.0,3.629,0.0,0.0,0.0,2.0,0.0,29.0,EILERS H,2021
,62.96%,37.04%,0.00%,0.00%,0.00%,,,,,,,,,,2021
COURSE TOTAL:,17,10,0,0,0,27.0,3.629,0.0,0.0,0.0,2.0,0.0,29.0,,2021
,62.96%,37.04%,0.00%,0.00%,0.00%,,,,,,,,,,2021
VIST-476-500,5,1,0,0,0,6.0,3.833,0.0,0.0,0.0,0.0,0.0,6.0,SHIPMAN F,2021
,83.33%,16.67%,0.00%,0.00%,0.00%,,,,,,,,,,2021
COURSE TOTAL:,5,1,0,0,0,6.0,3.833,0.0,0.0,0.0,0.0,0.0,6.0,,2021
,83.33%,16.67%,0.00%,0.00%,0.00%,,,,,,,,,,2021
VIST-485-504,10,0,0,0,0,10.0,4.0,0.0,0.0,0.0,0.0,0.0,10.0,MCLAUGHLIN T,2021
,100.00%,0.00%,0.00%,0.00%,0.00%,,,,,,,,,,2021
COURSE TOTAL:,10,0,0,0,0,10.0,4.0,0.0,0.0,0.0,0.0,0.0,10.0,,2021
,100.00%,0.00%,0.00%,0.00%,0.00%,,,,,,,,,,2021
VIST-486-501,22,1,0,0,0,23.0,3.956,0.0,0.0,0.0,0.0,0.0,23.0,LEIDERMAN D,2021
,95.65%,4.35%,0.00%,0.00%,0.00%,,,,,,,,,,2021
COURSE TOTAL:,22,1,0,0,0,23.0,3.956,0.0,0.0,0.0,0.0,0.0,23.0,,2021
,95.65%,4.35%,0.00%,0.00%,0.00%,,,,,,,,,,2021
VIST-489-500,13,2,0,0,0,15.0,3.866,0.0,0.0,0.0,0.0,0.0,15.0,RAMADAN H,2021
,86.67%,13.33%,0.00%,0.00%,0.00%,,,,,,,,,,2021
COURSE TOTAL:,13,2,0,0,0,15.0,3.866,0.0,0.0,0.0,0.0,0.0,15.0,,2021
,86.67%,13.33%,0.00%,0.00%,0.00%,,,,,,,,,,2021
VIZA-613-600,19,9,0,0,2,30.0,3.433,2.0,0.0,0.0,0.0,0.0,32.0,MCLAUGHLIN T,2021
,63.33%,30.00%,0.00%,0.00%,6.67%,,,,,,,,,,2021
COURSE TOTAL:,19,9,0,0,2,30.0,3.433,2.0,0.0,0.0,0.0,0.0,32.0,,2021
,63.33%,30.00%,0.00%,0.00%,6.67%,,,,,,,,,,2021
VIZA-615-600,7,2,0,0,0,9.0,3.777,0.0,0.0,0.0,1.0,0.0,10.0,MCLAUGHLIN T,2021
,77.78%,22.22%,0.00%,0.00%,0.00%,,,,,,,,,,2021
COURSE TOTAL:,7,2,0,0,0,9.0,3.777,0.0,0.0,0.0,1.0,0.0,10.0,,2021
,77.78%,22.22%,0.00%,0.00%,0.00%,,,,,,,,,,2021
VIZA-630-600,8,4,0,0,0,12.0,3.666,0.0,0.0,0.0,0.0,0.0,12.0,BIEBER S,2021
,66.67%,33.33%,0.00%,0.00%,0.00%,,,,,,,,,,2021
COURSE TOTAL:,8,4,0,0,0,12.0,3.666,0.0,0.0,0.0,0.0,0.0,12.0,,2021
,66.67%,33.33%,0.00%,0.00%,0.00%,,,,,,,,,,2021
VIZA-654-700,20,9,3,3,0,35.0,3.314,0.0,0.0,0.0,1.0,0.0,36.0,AKLEMAN E,2021
,57.14%,25.71%,8.57%,8.57%,0.00%,,,,,,,,,,2021
COURSE TOTAL:,20,9,3,3,0,35.0,3.314,0.0,0.0,0.0,1.0,0.0,36.0,,2021
,57.14%,25.71%,8.57%,8.57%,0.00%,,,,,,,,,,2021
VIZA-689-600,29,2,1,0,0,32.0,3.875,0.0,0.0,0.0,0.0,0.0,32.0,HE S,2021
,90.63%,6.25%,3.13%,0.00%,0.00%,,,,,,,,,,2021
VIZA-689-601,6,1,0,0,0,7.0,3.857,0.0,0.0,0.0,0.0,0.0,7.0,VIGUS G,2021
,85.71%,14.29%,0.00%,0.00%,0.00%,,,,,,,,,,2021
VIZA-689-602,2,2,1,0,0,5.0,3.2,1.0,0.0,0.0,0.0,0.0,6.0,SEO J,2021
,40.00%,40.00%,20.00%,0.00%,0.00%,,,,,,,,,,2021
VIZA-689-700,6,0,0,0,0,6.0,4.0,0.0,0.0,0.0,0.0,0.0,6.0,WOODFIN S,2021
,100.00%,0.00%,0.00%,0.00%,0.00%,,,,,,,,,,2021
COURSE TOTAL:,43,5,2,0,0,50.0,3.779,1.0,0.0,0.0,0.0,0.0,51.0,,2021
,86.00%,10.00%,4.00%,0.00%,0.00%,,,,,,,,,,2021
DEPARTMENT TOTAL:,1564,629,161,29,54,2437.0,3.47,15.0,0.0,0.0,109.0,0.0,2561.0,,2021
,64.18%,25.81%,6.61%,1.19%,2.22%,,,,,,,,,,2021
COLLEGE TOTAL:,7207,3410,1139,188,161,12105.0,3.428,50.0,0.0,0.0,294.0,0.0,12449.0,,2021
,59.54%,28.17%,9.41%,1.55%,1.33%,,,,,,,,,,2021
